,name,orig-name,params,succeeded,class,path,ts_amchi
2,C6H3 + H = C4H2 + C2H2,C6H3 + H = C4H2 + C2H2,'RxnParams(arr, ((1.0, 0.0, 0),))',False,,,
9,C5H81-2 + H = C2H5 + C3H4-A,C5H81-2 + H = C2H5 + C3H4-A,'RxnParams(arr, ((1.0, 0.0, 0),))',False,,,
10,C5H91-4 = CYC5H9,C5H91-4 = CYC5H9,'RxnParams(arr, ((1.0, 0.0, 0),))',False,,,
11,B13DE2M + H = C3H5-T + C2H4,B13DE2M + H = C3H5-T + C2H4,'RxnParams(arr, ((1.0, 0.0, 0),))',False,,,
16,C3H3 + C3H5-A => FULVENE + H + H,C3H3 + C3H5-A => FULVENE + H + H,'RxnParams(arr, ((1.0, 0.0, 0),))',False,,,
18,CC3H4 = C3H4-A,CC3H4 = C3H4-A,'RxnParams(arr, ((1.0, 0.0, 0),))',False,,,
22,C5H82-3 + H = C2H3 + C3H6,C5H82-3 + H = C2H3 + C3H6,'RxnParams(arr, ((1.0, 0.0, 0),))',False,,,
34,C5H81-2 + H = C2H2 + NC3H7,C5H81-2 + H = C2H2 + NC3H7,'RxnParams(arr, ((1.0, 0.0, 0),))',False,,,
36,C5H5 + C5H6 = C6H5C2H3 + C2H3,C5H5 + C5H6 = C6H5C2H3 + C2H3,'RxnParams(arr, ((1.0, 0.0, 0),))',False,,,
37,CYC3H4CHCH3 + H = C4H6-1 + CH3,CYC3H4CHCH3 + H = C4H6-1 + CH3,'RxnParams(arr, ((1.0, 0.0, 0),))',False,,,
38,AC5H9-C + H = CH3 + C4H72-2,AC5H9-C + H = CH3 + C4H72-2,'RxnParams(arr, ((1.0, 0.0, 0),))',False,,,
39,DC5H11 = BC5H10 + H,DC5H11 = BC5H10 + H,'RxnParams(arr, ((1.0, 0.0, 0),))',False,,,
40,CYC3H5CHCH3 = C4H6-1 + CH3,CYC3H5CHCH3 = C4H6-1 + CH3,'RxnParams(arr, ((1.0, 0.0, 0),))',False,,,
44,C5H5CH3-1 = FULVENE + H2,C5H5CH3-1 = FULVENE + H2,'RxnParams(arr, ((1.0, 0.0, 0),))',False,,,
48,C2H3 + C2H3 = C4H5-N + H,C2H3 + C2H3 = C4H5-N + H,'RxnParams(arr, ((1.0, 0.0, 0),))',False,,,
61,C4H4 + CH3 = C5H6-L + H,C4H4 + CH3 = C5H6-L + H,'RxnParams(arr, ((1.0, 0.0, 0),))',False,,,
66,B13DE2M + H = C2H5 + C3H4-A,B13DE2M + H = C2H5 + C3H4-A,'RxnParams(arr, ((1.0, 0.0, 0),))',False,,,
67,C3H3 + C4H4 = C6H5CH2,C3H3 + C4H4 = C6H5CH2,'RxnParams(arr, ((1.0, 0.0, 0),))',False,,,
68,C3H2(S)+M = C3H2+M,C3H2(S)+M = C3H2+M,'RxnParams(arr, ((1.0, 0.0, 0),))',False,,,
73,C5H81-2 + H = C2H4 + C3H5-A,C5H81-2 + H = C2H4 + C3H5-A,'RxnParams(arr, ((1.0, 0.0, 0),))',False,,,
74,C5H92-5 = C4H6 + CH3,C5H92-5 = C4H6 + CH3,'RxnParams(arr, ((1.0, 0.0, 0),))',False,,,
75,C3H5-T + C3H6 = C6H112-5,C3H5-T + C3H6 = C6H112-5,'RxnParams(arr, ((1.0, 0.0, 0),))',False,,,
81,C4H8-1 + H = C4H8-2 + H,C4H8-1 + H = C4H8-2 + H,'RxnParams(arr, ((1.0, 0.0, 0),))',False,,,
83,C4H3-N + C3H3 = C7H6,C4H3-N + C3H3 = C7H6,'RxnParams(arr, ((1.0, 0.0, 0),))',False,,,
85,CH2(S) + CH3 = C2H4 + H,CH2(S) + CH3 = C2H4 + H,'RxnParams(arr, ((1.0, 0.0, 0),))',False,,,
86,C4H5-2 + C2H = C3H3 + C3H3,C4H5-2 + C2H = C3H3 + C3H3,'RxnParams(arr, ((1.0, 0.0, 0),))',False,,,
90,C3H5-S + H = C2H3 + CH3,C3H5-S + H = C2H3 + CH3,'RxnParams(arr, ((1.0, 0.0, 0),))',False,,,
92,C4H5-N + C2H2 = C6H6 + H,C4H5-N + C2H2 = C6H6 + H,'RxnParams(arr, ((1.0, 0.0, 0),))',False,,,
93,C4H6 = CH3 + C3H3,C4H6 = CH3 + C3H3,'RxnParams(arr, ((1.0, 0.0, 0),))',False,,,
94,H2CC + C2H2(+M) = C4H4(+M),H2CC + C2H2(+M) = C4H4(+M),'RxnParams(arr, ((1.0, 0.0, 0),))',False,,,
97,C3H3 + C3H3 = FULVENE,C3H3 + C3H3 = FULVENE,'RxnParams(arr, ((1.0, 0.0, 0),))',False,,,
98,C5H5CH3-2 = FULVENE + H2,C5H5CH3-2 = FULVENE + H2,'RxnParams(arr, ((1.0, 0.0, 0),))',False,,,
99,C2H3 + CH3 = C3H5-A + H,C2H3 + CH3 = C3H5-A + H,'RxnParams(arr, ((1.0, 0.0, 0),))',False,,,
104,IC3H7 + H = C2H5 + CH3,IC3H7 + H = C2H5 + CH3,'RxnParams(arr, ((1.0, 0.0, 0),))',False,,,
113,CYC4H6-3-CH3 = C2H2 + NC3H7,CYC4H6-3-CH3 = C2H2 + NC3H7,'RxnParams(arr, ((1.0, 0.0, 0),))',False,,,
115,C5H5 + C5H5 = C10H9 + H,C5H5 + C5H5 = C10H9 + H,'RxnParams(arr, ((1.0, 0.0, 0),))',False,,,
121,C6H4CH3 = L-C6H4 + CH3,C6H4CH3 = L-C6H4 + CH3,'RxnParams(arr, ((1.0, 0.0, 0),))',False,,,
125,C2H4 + IC3H7 = IC4H8 + CH3,C2H4 + IC3H7 = IC4H8 + CH3,'RxnParams(arr, ((1.0, 0.0, 0),))',False,,,
129,CH + CH4 = C2H4 + H,CH + CH4 = C2H4 + H,'RxnParams(arr, ((1.0, 0.0, 0),))',False,,,
134,DC5H11 = C4H8-2 + CH3,DC5H11 = C4H8-2 + CH3,'RxnParams(arr, ((1.0, 0.0, 0),))',False,,,
135,DC5H11 = AC5H10 + H,DC5H11 = AC5H10 + H,'RxnParams(arr, ((1.0, 0.0, 0),))',False,,,
137,C6H5C2H5 + H = C6H6 + C2H5,C6H5C2H5 + H = C6H6 + C2H5,'RxnParams(arr, ((1.0, 0.0, 0),))',False,,,
138,CYC4H6-2-CH3 = C2H4 + C3H5-S,CYC4H6-2-CH3 = C2H4 + C3H5-S,'RxnParams(arr, ((1.0, 0.0, 0),))',False,,,
141,C2H3 + C2H2 = C4H4 + H,C2H3 + C2H2 = C4H4 + H,'RxnParams(arr, ((1.0, 0.0, 0),))',False,,,
154,C5H11-2 = C4H8-1 + CH3,C5H11-2 = C4H8-1 + CH3,'RxnParams(arr, ((1.0, 0.0, 0),))',False,,,
161,CYC3H3-1C2H5 + H = C2H3 + C3H6,CYC3H3-1C2H5 + H = C2H3 + C3H6,'RxnParams(arr, ((1.0, 0.0, 0),))',False,,,
162,C5H8-1 + H = C2H3 + C3H6,C5H8-1 + H = C2H3 + C3H6,'RxnParams(arr, ((1.0, 0.0, 0),))',False,,,
165,C4H8-2 + H = C3H6 + CH3,C4H8-2 + H = C3H6 + CH3,'RxnParams(arr, ((1.0, 0.0, 0),))',False,,,
177,XC6D13 + H = B13DE2M + CH3,XC6D13 + H = B13DE2M + CH3,'RxnParams(arr, ((1.0, 0.0, 0),))',False,,,
181,C3H5-A + C2H3 => C5H6 + H + H,C3H5-A + C2H3 => C5H6 + H + H,'RxnParams(arr, ((1.0, 0.0, 0),))',False,,,
185,C5H8-1 + H = C4H6 + CH3,C5H8-1 + H = C4H6 + CH3,'RxnParams(arr, ((1.0, 0.0, 0),))',False,,,
188,C4H3-N + H = C2H2 + H2CC,C4H3-N + H = C2H2 + H2CC,'RxnParams(arr, ((1.0, 0.0, 0),))',False,,,
189,C5H6 + C2H3 = C6H6 + CH3,C5H6 + C2H3 = C6H6 + CH3,'RxnParams(arr, ((1.0, 0.0, 0),))',False,,,
195,C5H8-1 + H = C5H81-3 + H,C5H8-1 + H = C5H81-3 + H,'RxnParams(arr, ((1.0, 0.0, 0),))',False,,,
197,NC3H7 + C3H5-T = C6H12-2,NC3H7 + C3H5-T = C6H12-2,'RxnParams(arr, ((1.0, 0.0, 0),))',False,,,
198,CC5H10 + H = AC5H10 + H,CC5H10 + H = AC5H10 + H,'RxnParams(arr, ((1.0, 0.0, 0),))',False,,,
200,IC4H7-I1 + H = C3H5-T + CH3,IC4H7-I1 + H = C3H5-T + CH3,'RxnParams(arr, ((1.0, 0.0, 0),))',False,,,
221,CH2CCHCH2CHCH2 => FULVENE + H + H,CH2CCHCH2CHCH2 => FULVENE + H + H,'RxnParams(arr, ((1.0, 0.0, 0),))',False,,,
223,C3H5-S + H = C3H5-A + H,C3H5-S + H = C3H5-A + H,'RxnParams(arr, ((1.0, 0.0, 0),))',False,,,
229,B13DE2MJ = C5H6 + H,B13DE2MJ = C5H6 + H,'RxnParams(arr, ((1.0, 0.0, 0),))',False,,,
230,CYC3H5CHCH3 = C4H6 + CH3,CYC3H5CHCH3 = C4H6 + CH3,'RxnParams(arr, ((1.0, 0.0, 0),))',False,,,
233,C4H5-2 + C2H2 = C6H6 + H,C4H5-2 + C2H2 = C6H6 + H,'RxnParams(arr, ((1.0, 0.0, 0),))',False,,,
262,CYC3H4CHCH3 + H = C3H4-P + C2H5,CYC3H4CHCH3 + H = C3H4-P + C2H5,'RxnParams(arr, ((1.0, 0.0, 0),))',False,,,
263,CYC3H5CHCH3 = C3H4-P + C2H5,CYC3H5CHCH3 = C3H4-P + C2H5,'RxnParams(arr, ((1.0, 0.0, 0),))',False,,,
265,C4H8-1 + CH3 = BC5H10 + H,C4H8-1 + CH3 = BC5H10 + H,'RxnParams(arr, ((1.0, 0.0, 0),))',False,,,
268,C3H3 + CH3 = C4H6-2,C3H3 + CH3 = C4H6-2,'RxnParams(arr, ((1.0, 0.0, 0),))',False,,,
269,C4H6 => C2H2 + C2H3 + H,C4H6 => C2H2 + C2H3 + H,'RxnParams(arr, ((1.0, 0.0, 0),))',False,,,
273,C4H3-I + H = C2H2 + H2CC,C4H3-I + H = C2H2 + H2CC,'RxnParams(arr, ((1.0, 0.0, 0),))',False,,,
277,B13DE2M + H = C2H3 + C3H6,B13DE2M + H = C2H3 + C3H6,'RxnParams(arr, ((1.0, 0.0, 0),))',False,,,
278,CH2CYC3H3CH3 + H = C2H2 + NC3H7,CH2CYC3H3CH3 + H = C2H2 + NC3H7,'RxnParams(arr, ((1.0, 0.0, 0),))',False,,,
281,CYC3H4CHCH3 + H = C2H4 + C3H5-A,CYC3H4CHCH3 + H = C2H4 + C3H5-A,'RxnParams(arr, ((1.0, 0.0, 0),))',False,,,
282,C4H8-2 + H = PC4H9,C4H8-2 + H = PC4H9,'RxnParams(arr, ((1.0, 0.0, 0),))',False,,,
290,C5H8-2 + H = C3H4-P + C2H5,C5H8-2 + H = C3H4-P + C2H5,'RxnParams(arr, ((1.0, 0.0, 0),))',False,,,
294,B13DE2M + H = C4H6 + CH3,B13DE2M + H = C4H6 + CH3,'RxnParams(arr, ((1.0, 0.0, 0),))',False,,,
314,C5H11-3 = C2H4 + NC3H7,C5H11-3 = C2H4 + NC3H7,'RxnParams(arr, ((1.0, 0.0, 0),))',False,,,
318,CYC3H5CHCH3 = C5H92-2,CYC3H5CHCH3 = C5H92-2,'RxnParams(arr, ((1.0, 0.0, 0),))',False,,,
324,CYC4H6-3-CH3 = C4H6 + CH3,CYC4H6-3-CH3 = C4H6 + CH3,'RxnParams(arr, ((1.0, 0.0, 0),))',False,,,
325,C3H4-A + H = C3H4-P + H,C3H4-A + H = C3H4-P + H,'RxnParams(arr, ((1.0, 0.0, 0),))',False,,,
327,BC5H11 = C2H4 + IC3H7,BC5H11 = C2H4 + IC3H7,'RxnParams(arr, ((1.0, 0.0, 0),))',False,,,
331,C3H3 + C3H3 = C6H5 + H,C3H3 + C3H3 = C6H5 + H,'RxnParams(arr, ((1.0, 0.0, 0),))',False,,,
341,CYC4H6-2-CH3 = C3H4-P + C2H5,CYC4H6-2-CH3 = C3H4-P + C2H5,'RxnParams(arr, ((1.0, 0.0, 0),))',False,,,
346,XC6D2 + H = BC5H10 + CH3,XC6D2 + H = BC5H10 + CH3,'RxnParams(arr, ((1.0, 0.0, 0),))',False,,,
349,CYC3H5CHCH2 = C5H81-3,CYC3H5CHCH2 = C5H81-3,'RxnParams(arr, ((1.0, 0.0, 0),))',False,,,
350,CYC3H5CHCH2 + CH3 = CVCCJCVC + CH4,CYC3H5CHCH2 + CH3 = CVCCJCVC + CH4,'RxnParams(arr, ((1.0, 0.0, 0),))',False,,,
351,C5H8-1 + H = C5H8D14 + H,C5H8-1 + H = C5H8D14 + H,'RxnParams(arr, ((1.0, 0.0, 0),))',False,,,
355,DC5H11 = IC4H8 + CH3,DC5H11 = IC4H8 + CH3,'RxnParams(arr, ((1.0, 0.0, 0),))',False,,,
356,C5H8-2 + H = C2H4 + C3H5-S,C5H8-2 + H = C2H4 + C3H5-S,'RxnParams(arr, ((1.0, 0.0, 0),))',False,,,
358,XC6D13 + H = IC3H7 + C3H4-P,XC6D13 + H = IC3H7 + C3H4-P,'RxnParams(arr, ((1.0, 0.0, 0),))',False,,,
365,C3H2(S) + H = H2CCC(S) + H,C3H2(S) + H = H2CCC(S) + H,'RxnParams(arr, ((1.0, 0.0, 0),))',False,,,
369,C3H4-A + C3H5-S = XC6D13-1AR,C3H4-A + C3H5-S = XC6D13-1AR,'RxnParams(arr, ((1.0, 0.0, 0),))',False,,,
375,CC5H11 = C4H8-1 + CH3,CC5H11 = C4H8-1 + CH3,'RxnParams(arr, ((1.0, 0.0, 0),))',False,,,
390,C4H5-2 + H = C4H5-I + H,C4H5-2 + H = C4H5-I + H,'RxnParams(arr, ((1.0, 0.0, 0),))',False,,,
392,C3H4-A + H = CH3 + C2H2,C3H4-A + H = CH3 + C2H2,'RxnParams(arr, ((1.0, 0.0, 0),))',False,,,
402,IC4H8 + CH3 = C3H6 + C2H5,IC4H8 + CH3 = C3H6 + C2H5,'RxnParams(arr, ((1.0, 0.0, 0),))',False,,,
406,CC3H6 = C2H3 + CH3,CC3H6 = C2H3 + CH3,'RxnParams(arr, ((1.0, 0.0, 0),))',False,,,
412,CC5H11 = C3H6 + C2H5,CC5H11 = C3H6 + C2H5,'RxnParams(arr, ((1.0, 0.0, 0),))',False,,,
421,CYC5H9 = C2H2 + NC3H7,CYC5H9 = C2H2 + NC3H7,'RxnParams(arr, ((1.0, 0.0, 0),))',False,,,
435,CYC4H6-2-CH3 = C2H3 + C3H6,CYC4H6-2-CH3 = C2H3 + C3H6,'RxnParams(arr, ((1.0, 0.0, 0),))',False,,,
436,C5H92-5 = C3H4-P + C2H5,C5H92-5 = C3H4-P + C2H5,'RxnParams(arr, ((1.0, 0.0, 0),))',False,,,
440,C5H81-3 + H = CH2CYC3H4CH3,C5H81-3 + H = CH2CYC3H4CH3,'RxnParams(arr, ((1.0, 0.0, 0),))',False,,,
452,C4H2 + C2H = C6H2 + H,C4H2 + C2H = C6H2 + H,'RxnParams(arr, ((1.0, 0.0, 0),))',False,,,
453,C5H81-3 + H = CC5H9-A,C5H81-3 + H = CC5H9-A,'RxnParams(arr, ((1.0, 0.0, 0),))',False,,,
456,IC4H8 + CH3 = BC5H10 + H,IC4H8 + CH3 = BC5H10 + H,'RxnParams(arr, ((1.0, 0.0, 0),))',False,,,
457,C5H91-3 = CC5H9-A,C5H91-3 = CC5H9-A,'RxnParams(arr, ((1.0, 0.0, 0),))',False,,,
458,C4H3-I + CH3 = C5H6,C4H3-I + CH3 = C5H6,'RxnParams(arr, ((1.0, 0.0, 0),))',False,,,
473,CYC3H4CHCH3 + H = C4H612 + CH3,CYC3H4CHCH3 + H = C4H612 + CH3,'RxnParams(arr, ((1.0, 0.0, 0),))',False,,,
479,CH2(S) + C3H6 = IC4H8,CH2(S) + C3H6 = IC4H8,'RxnParams(arr, ((1.0, 0.0, 0),))',False,,,
480,C5H81-3 + H = CYC5H9,C5H81-3 + H = CYC5H9,'RxnParams(arr, ((1.0, 0.0, 0),))',False,,,
482,CYHEXDN13 = C6H6 + H2,CYHEXDN13 = C6H6 + H2,'RxnParams(arr, ((1.0, 0.0, 0),))',False,,,
483,CH2(S) + C2H4 = CC3H6,CH2(S) + C2H4 = CC3H6,'RxnParams(arr, ((1.0, 0.0, 0),))',False,,,
485,C4H6 + H = C3H4-A + CH3,C4H6 + H = C3H4-A + CH3,'RxnParams(arr, ((1.0, 0.0, 0),))',False,,,
488,FULVENE = C6H5 + H,FULVENE = C6H5 + H,'RxnParams(arr, ((1.0, 0.0, 0),))',False,,,
489,CH2(S) + C2H4 = C3H5-A + H,CH2(S) + C2H4 = C3H5-A + H,'RxnParams(arr, ((1.0, 0.0, 0),))',False,,,
490,C6H5C2H3 = C6H6 + C2H2,C6H5C2H3 = C6H6 + C2H2,'RxnParams(arr, ((1.0, 0.0, 0),))',False,,,
497,CYC3H5CHCH2 + H = CVCCJCVC + H2,CYC3H5CHCH2 + H = CVCCJCVC + H2,'RxnParams(arr, ((1.0, 0.0, 0),))',False,,,
499,CYC5H9 = C2H3 + C3H6,CYC5H9 = C2H3 + C3H6,'RxnParams(arr, ((1.0, 0.0, 0),))',False,,,
505,MCP = C4H4,MCP = C4H4,'RxnParams(arr, ((1.0, 0.0, 0),))',False,,,
508,CC5H10 + H = C3H6 + C2H5,CC5H10 + H = C3H6 + C2H5,'RxnParams(arr, ((1.0, 0.0, 0),))',False,,,
514,C3H5-A + C2H2 = C5H6 + H,C3H5-A + C2H2 = C5H6 + H,'RxnParams(arr, ((1.0, 0.0, 0),))',False,,,
516,CYC3H5CHCH2 + H = C2H4 + C3H5-S,CYC3H5CHCH2 + H = C2H4 + C3H5-S,'RxnParams(arr, ((1.0, 0.0, 0),))',False,,,
520,IC4H7-I1 + H = IC4H7 + H,IC4H7-I1 + H = IC4H7 + H,'RxnParams(arr, ((1.0, 0.0, 0),))',False,,,
522,CH + H2(+M) = CH3(+M),CH + H2(+M) = CH3(+M),'RxnParams(arr, ((1.0, 0.0, 0),))',False,,,
523,C10H10 + H = C4H5-N + C6H6,C10H10 + H = C4H5-N + C6H6,'RxnParams(arr, ((1.0, 0.0, 0),))',False,,,
524,C2H4 + IC3H7 = BC5H10 + H,C2H4 + IC3H7 = BC5H10 + H,'RxnParams(arr, ((1.0, 0.0, 0),))',False,,,
526,CH3 + CH3 = H + C2H5,CH3 + CH3 = H + C2H5,'RxnParams(arr, ((1.0, 0.0, 0),))',False,,,
527,TC4H9 = C3H6 + CH3,TC4H9 = C3H6 + CH3,'RxnParams(arr, ((1.0, 0.0, 0),))',False,,,
531,XC6D2 + H = C3H6 + IC3H7,XC6D2 + H = C3H6 + IC3H7,'RxnParams(arr, ((1.0, 0.0, 0),))',False,,,
540,C5H5 + C5H6 = C6H6 + C4H5-N,C5H5 + C5H6 = C6H6 + C4H5-N,'RxnParams(arr, ((1.0, 0.0, 0),))',False,,,
549,CYC3H3-3C2H5 + H = C2H4 + C3H5-A,CYC3H3-3C2H5 + H = C2H4 + C3H5-A,'RxnParams(arr, ((1.0, 0.0, 0),))',False,,,
550,C3H6 = CC3H6,C3H6 = CC3H6,'RxnParams(arr, ((1.0, 0.0, 0),))',False,,,
552,C5H82-3 + H = C4H612 + CH3,C5H82-3 + H = C4H612 + CH3,'RxnParams(arr, ((1.0, 0.0, 0),))',False,,,
557,C5H91-4 = C4H6 + CH3,C5H91-4 = C4H6 + CH3,'RxnParams(arr, ((1.0, 0.0, 0),))',False,,,
565,MCP = BUTA123TRIENE,MCP = BUTA123TRIENE,'RxnParams(arr, ((1.0, 0.0, 0),))',False,,,
566,CC5H10 + H = IC4H8 + CH3,CC5H10 + H = IC4H8 + CH3,'RxnParams(arr, ((1.0, 0.0, 0),))',False,,,
573,C5H10-1 + H = C5H10-2 + H,C5H10-1 + H = C5H10-2 + H,'RxnParams(arr, ((1.0, 0.0, 0),))',False,,,
577,C5H11-2 = C2H4 + NC3H7,C5H11-2 = C2H4 + NC3H7,'RxnParams(arr, ((1.0, 0.0, 0),))',False,,,
582,IC5D1T3-4J + C2H2 = C6H5CH2,IC5D1T3-4J + C2H2 = C6H5CH2,'RxnParams(arr, ((1.0, 0.0, 0),))',False,,,
590,C4H6 + H = C4H6-1 + H,C4H6 + H = C4H6-1 + H,'RxnParams(arr, ((1.0, 0.0, 0),))',False,,,
591,C6H5 + C2H2 = C6H5C2H + H,C6H5 + C2H2 = C6H5C2H + H,'RxnParams(arr, ((1.0, 0.0, 0),))',False,,,
592,C5H81-3 + H = C5H91-1,C5H81-3 + H = C5H91-1,'RxnParams(arr, ((1.0, 0.0, 0),))',False,,,
594,C2H2 + C2H(+M) = C4H3-I(+M),C2H2 + C2H(+M) = C4H3-I(+M),'RxnParams(arr, ((1.0, 0.0, 0),))',False,,,
601,CC5H11 = AC5H10 + H,CC5H11 = AC5H10 + H,'RxnParams(arr, ((1.0, 0.0, 0),))',False,,,
602,C6H12-1 + H = C6H12-2 + H,C6H12-1 + H = C6H12-2 + H,'RxnParams(arr, ((1.0, 0.0, 0),))',False,,,
607,C3H3 + C3H4-A = FULVENE + H,C3H3 + C3H4-A = FULVENE + H,'RxnParams(arr, ((1.0, 0.0, 0),))',False,,,
610,C2H2 + C2H = C4H2 + H,C2H2 + C2H = C4H2 + H,'RxnParams(arr, ((1.0, 0.0, 0),))',False,,,
614,C5H91-4 = C3H5-A + C2H4,C5H91-4 = C3H5-A + C2H4,'RxnParams(arr, ((1.0, 0.0, 0),))',False,,,
621,CH2(S) + C3H6 = IC4H7 + H,CH2(S) + C3H6 = IC4H7 + H,'RxnParams(arr, ((1.0, 0.0, 0),))',False,,,
622,C2H2 + CH3 = C3H5-T,C2H2 + CH3 = C3H5-T,'RxnParams(arr, ((1.0, 0.0, 0),))',False,,,
624,C5H5 + C5H5 = C10H10,C5H5 + C5H5 = C10H10,'RxnParams(arr, ((1.0, 0.0, 0),))',False,,,
642,B13DE2M + H = IC3H7 + C2H2,B13DE2M + H = IC3H7 + C2H2,'RxnParams(arr, ((1.0, 0.0, 0),))',False,,,
648,C5H6(+M) = C3H4-A + C2H2(+M),C5H6(+M) = C3H4-A + C2H2(+M),'RxnParams(arr, ((1.0, 0.0, 0),))',False,,,
649,C6H5 => H + C4H2 + C2H2,C6H5 => H + C4H2 + C2H2,'RxnParams(arr, ((1.0, 0.0, 0),))',False,,,
653,C6H12-1 + H = C2H4 + PC4H9,C6H12-1 + H = C2H4 + PC4H9,'RxnParams(arr, ((1.0, 0.0, 0),))',False,,,
656,CC5H10 + H = AC5H11,CC5H10 + H = AC5H11,'RxnParams(arr, ((1.0, 0.0, 0),))',False,,,
657,C5H5CH2-2 = CYC6H7,C5H5CH2-2 = CYC6H7,'RxnParams(arr, ((1.0, 0.0, 0),))',False,,,
659,C4H5-N + C2H3 = C6H6 + H2,C4H5-N + C2H3 = C6H6 + H2,'RxnParams(arr, ((1.0, 0.0, 0),))',False,,,
664,C3H4-P + H = C3H5-A,C3H4-P + H = C3H5-A,'RxnParams(arr, ((1.0, 0.0, 0),))',False,,,
666,C5H91-1 = CYC5H9,C5H91-1 = CYC5H9,'RxnParams(arr, ((1.0, 0.0, 0),))',False,,,
671,CH2CYC3H3CH3 + H = C2H4 + C3H5-S,CH2CYC3H3CH3 + H = C2H4 + C3H5-S,'RxnParams(arr, ((1.0, 0.0, 0),))',False,,,
674,C4H4 + C2H = L-C6H4 + H,C4H4 + C2H = L-C6H4 + H,'RxnParams(arr, ((1.0, 0.0, 0),))',False,,,
677,C7H6 + H = C6H5CH2,C7H6 + H = C6H5CH2,'RxnParams(arr, ((1.0, 0.0, 0),))',False,,,
681,CYC5H9 = C5H8D14 + H,CYC5H9 = C5H8D14 + H,'RxnParams(arr, ((1.0, 0.0, 0),))',False,,,
689,C3H3 + H = CC3H4,C3H3 + H = CC3H4,'RxnParams(arr, ((1.0, 0.0, 0),))',False,,,
690,IC5D1T3-1J + C2H2 = C6H5CH2,IC5D1T3-1J + C2H2 = C6H5CH2,'RxnParams(arr, ((1.0, 0.0, 0),))',False,,,
692,CC5H10 + H = C4H8-2 + CH3,CC5H10 + H = C4H8-2 + CH3,'RxnParams(arr, ((1.0, 0.0, 0),))',False,,,
695,C3H5-A + C2H2 = CVCCJCVC,C3H5-A + C2H2 = CVCCJCVC,'RxnParams(arr, ((1.0, 0.0, 0),))',False,,,
696,C5H8D14 + H = B13DE2M + H,C5H8D14 + H = B13DE2M + H,'RxnParams(arr, ((1.0, 0.0, 0),))',False,,,
699,C4H6 + H = C2H5 + C2H2,C4H6 + H = C2H5 + C2H2,'RxnParams(arr, ((1.0, 0.0, 0),))',False,,,
701,C5H5 + CH3 = C5H5CH2 + H,C5H5 + CH3 = C5H5CH2 + H,'RxnParams(arr, ((1.0, 0.0, 0),))',False,,,
705,CYC5H9 = C3H5-A + C2H4,CYC5H9 = C3H5-A + C2H4,'RxnParams(arr, ((1.0, 0.0, 0),))',False,,,
706,C5H10-2 + H = C2H4 + NC3H7,C5H10-2 + H = C2H4 + NC3H7,'RxnParams(arr, ((1.0, 0.0, 0),))',False,,,
708,B13DE2M + H = B12DE3M + H,B13DE2M + H = B12DE3M + H,'RxnParams(arr, ((1.0, 0.0, 0),))',False,,,
711,CYC3H5CHCH2 + H = C4H612 + CH3,CYC3H5CHCH2 + H = C4H612 + CH3,'RxnParams(arr, ((1.0, 0.0, 0),))',False,,,
713,CYC3H5CHCH2 = C5H8D14,CYC3H5CHCH2 = C5H8D14,'RxnParams(arr, ((1.0, 0.0, 0),))',False,,,
714,C2H4(+M) = H2 + H2CC(+M),C2H4(+M) = H2 + H2CC(+M),'RxnParams(arr, ((1.0, 0.0, 0),))',False,,,
716,C5H81-2 + H = C2H3 + C3H6,C5H81-2 + H = C2H3 + C3H6,'RxnParams(arr, ((1.0, 0.0, 0),))',False,,,
719,C4H6 + H = C4H6-2 + H,C4H6 + H = C4H6-2 + H,'RxnParams(arr, ((1.0, 0.0, 0),))',False,,,
720,IC4H8 + CH3 = C4H8-1 + CH3,IC4H8 + CH3 = C4H8-1 + CH3,'RxnParams(arr, ((1.0, 0.0, 0),))',False,,,
722,C3H6 + C2H5 = AC5H10 + H,C3H6 + C2H5 = AC5H10 + H,'RxnParams(arr, ((1.0, 0.0, 0),))',False,,,
726,CHCCH2CH2CHCH2 => FULVENE + H + H,CHCCH2CH2CHCH2 => FULVENE + H + H,'RxnParams(arr, ((1.0, 0.0, 0),))',False,,,
733,C5H8-1 + H = C5H81-2 + H,C5H8-1 + H = C5H81-2 + H,'RxnParams(arr, ((1.0, 0.0, 0),))',False,,,
734,C4H8-2 + CH3 = BC5H10 + H,C4H8-2 + CH3 = BC5H10 + H,'RxnParams(arr, ((1.0, 0.0, 0),))',False,,,
737,CYHEXDN14 = C6H6 + H2,CYHEXDN14 = C6H6 + H2,'RxnParams(arr, ((1.0, 0.0, 0),))',False,,,
743,C5H81-3 + H = C2H4 + C3H5-S,C5H81-3 + H = C2H4 + C3H5-S,'RxnParams(arr, ((1.0, 0.0, 0),))',False,,,
748,C3H6 + H = C2H4 + CH3,C3H6 + H = C2H4 + CH3,'RxnParams(arr, ((1.0, 0.0, 0),))',False,,,
749,C6H101-5 + H => C3H4-A + C3H5-A + H2,C6H101-5 + H => C3H4-A + C3H5-A + H2,'RxnParams(arr, ((1.0, 0.0, 0),))',False,,,
755,C5H5 + C2H2 = C6H5CH2,C5H5 + C2H2 = C6H5CH2,'RxnParams(arr, ((1.0, 0.0, 0),))',False,,,
759,CH2CYC3H3CH3 + H = C2H5 + C3H4-A,CH2CYC3H3CH3 + H = C2H5 + C3H4-A,'RxnParams(arr, ((1.0, 0.0, 0),))',False,,,
763,C6H5CH3 + H = C6H6 + CH3,C6H5CH3 + H = C6H6 + CH3,'RxnParams(arr, ((1.0, 0.0, 0),))',False,,,
766,C2H2 + H2CC = BUTA123TRIENE,C2H2 + H2CC = BUTA123TRIENE,'RxnParams(arr, ((1.0, 0.0, 0),))',False,,,
769,C5H81-3 + H = C2H3 + C3H6,C5H81-3 + H = C2H3 + C3H6,'RxnParams(arr, ((1.0, 0.0, 0),))',False,,,
770,AC5H9-A2 + H = CH3 + C4H71-2,AC5H9-A2 + H = CH3 + C4H71-2,'RxnParams(arr, ((1.0, 0.0, 0),))',False,,,
772,C6H12-1 + H = C6H13-3,C6H12-1 + H = C6H13-3,'RxnParams(arr, ((1.0, 0.0, 0),))',False,,,
774,XC6D13 + H = C3H5-T + C3H6,XC6D13 + H = C3H5-T + C3H6,'RxnParams(arr, ((1.0, 0.0, 0),))',False,,,
777,C5H6 + H = CVCCJCVC,C5H6 + H = CVCCJCVC,'RxnParams(arr, ((1.0, 0.0, 0),))',False,,,
782,C5H81-3 + H = C4H6 + CH3,C5H81-3 + H = C4H6 + CH3,'RxnParams(arr, ((1.0, 0.0, 0),))',False,,,
783,C4H5-I + C2H2 = FULVENE + H,C4H5-I + C2H2 = FULVENE + H,'RxnParams(arr, ((1.0, 0.0, 0),))',False,,,
784,C5H10-2 + H = C4H8-1 + CH3,C5H10-2 + H = C4H8-1 + CH3,'RxnParams(arr, ((1.0, 0.0, 0),))',False,,,
785,CYC3H3-3C2H5 + H = C2H2 + NC3H7,CYC3H3-3C2H5 + H = C2H2 + NC3H7,'RxnParams(arr, ((1.0, 0.0, 0),))',False,,,
787,H + C4H6 = CH3 + C3H4-P,H + C4H6 = CH3 + C3H4-P,'RxnParams(arr, ((1.0, 0.0, 0),))',False,,,
792,CH2CYC3H4CH3 = C4H6 + CH3,CH2CYC3H4CH3 = C4H6 + CH3,'RxnParams(arr, ((1.0, 0.0, 0),))',False,,,
798,CYC5H9 = C4H6 + CH3,CYC5H9 = C4H6 + CH3,'RxnParams(arr, ((1.0, 0.0, 0),))',False,,,
804,C2H2 + H2CC = MCP,C2H2 + H2CC = MCP,'RxnParams(arr, ((1.0, 0.0, 0),))',False,,,
807,NAPH + C6H5 => C16H10 + H + H2,NAPH + C6H5 => C16H10 + H + H2,'RxnParams(arr, ((1.0, 0.0, 0),))',False,,,
809,C2H2 + CH2(S) = C3H4-P,C2H2 + CH2(S) = C3H4-P,'RxnParams(arr, ((1.0, 0.0, 0),))',False,,,
811,C5H5CH3 = FULVENE + H2,C5H5CH3 = FULVENE + H2,'RxnParams(arr, ((1.0, 0.0, 0),))',False,,,
812,B13DE2M + H = C2H5 + C3H4-P,B13DE2M + H = C2H5 + C3H4-P,'RxnParams(arr, ((1.0, 0.0, 0),))',False,,,
816,C4H3-N + C2H2 = L-C6H4 + H,C4H3-N + C2H2 = L-C6H4 + H,'RxnParams(arr, ((1.0, 0.0, 0),))',False,,,
819,C3H5-T + H = C3H5-A + H,C3H5-T + H = C3H5-A + H,'RxnParams(arr, ((1.0, 0.0, 0),))',False,,,
822,CYC4H6-3-CH3 = C2H3 + C3H6,CYC4H6-3-CH3 = C2H3 + C3H6,'RxnParams(arr, ((1.0, 0.0, 0),))',False,,,
824,C5H10-2 + H = C3H6 + C2H5,C5H10-2 + H = C3H6 + C2H5,'RxnParams(arr, ((1.0, 0.0, 0),))',False,,,
828,CC5H11 = IC4H8 + CH3,CC5H11 = IC4H8 + CH3,'RxnParams(arr, ((1.0, 0.0, 0),))',False,,,
832,C3H3 + H = C3H2C + H2,C3H3 + H = C3H2C + H2,'RxnParams(arr, ((1.0, 0.0, 0),))',False,,,
840,CYC3H5CHCH2 + H = C4H6 + CH3,CYC3H5CHCH2 + H = C4H6 + CH3,'RxnParams(arr, ((1.0, 0.0, 0),))',False,,,
843,AC5H11 = BC5H10 + H,AC5H11 = BC5H10 + H,'RxnParams(arr, ((1.0, 0.0, 0),))',False,,,
846,C5H81-3 + H = C5H91-5,C5H81-3 + H = C5H91-5,'RxnParams(arr, ((1.0, 0.0, 0),))',False,,,
852,C4H4 = C2H2 + C2H2,C4H4 = C2H2 + C2H2,'RxnParams(arr, ((1.0, 0.0, 0),))',False,,,
855,C3H3 + CH2 = C4H4 + H,C3H3 + CH2 = C4H4 + H,'RxnParams(arr, ((1.0, 0.0, 0),))',False,,,
856,C5H82-3 + H = C2H4 + C3H5-A,C5H82-3 + H = C2H4 + C3H5-A,'RxnParams(arr, ((1.0, 0.0, 0),))',False,,,
858,C4H6 = C4H6-2,C4H6 = C4H6-2,'RxnParams(arr, ((1.0, 0.0, 0),))',False,,,
864,C3H4-A + H = C3H5-S,C3H4-A + H = C3H5-S,'RxnParams(arr, ((1.0, 0.0, 0),))',False,,,
879,C5H81-3 + H = C5H92-2,C5H81-3 + H = C5H92-2,'RxnParams(arr, ((1.0, 0.0, 0),))',False,,,
885,IC4H7-I1 + CH3 = C3H4-A + C2H6,IC4H7-I1 + CH3 = C3H4-A + C2H6,'RxnParams(arr, ((1.0, 0.0, 0),))',False,,,
891,CYC4H6-3-CH3 = C2H4 + C3H5-A,CYC4H6-3-CH3 = C2H4 + C3H5-A,'RxnParams(arr, ((1.0, 0.0, 0),))',False,,,
894,C4H6-2 + H = CH3 + C3H4-P,C4H6-2 + H = CH3 + C3H4-P,'RxnParams(arr, ((1.0, 0.0, 0),))',False,,,
899,C#CCVCCJ + H = C5H6,C#CCVCCJ + H = C5H6,'RxnParams(arr, ((1.0, 0.0, 0),))',False,,,
900,CC3H6 = C3H5-A + H,CC3H6 = C3H5-A + H,'RxnParams(arr, ((1.0, 0.0, 0),))',False,,,
903,L-C6H4 + H = C-C6H4 + H,L-C6H4 + H = C-C6H4 + H,'RxnParams(arr, ((1.0, 0.0, 0),))',False,,,
915,C3H3 + C3H4-P = H + FULVENE,C3H3 + C3H4-P = H + FULVENE,'RxnParams(arr, ((1.0, 0.0, 0),))',False,,,
924,C4H3-N + C2H3 = C3H3 + C3H3,C4H3-N + C2H3 = C3H3 + C3H3,'RxnParams(arr, ((1.0, 0.0, 0),))',False,,,
929,C#CCVCCJ = C5H5,C#CCVCCJ = C5H5,'RxnParams(arr, ((1.0, 0.0, 0),))',False,,,
940,CYC3H4CHCH3 + H = C2H3 + C3H6,CYC3H4CHCH3 + H = C2H3 + C3H6,'RxnParams(arr, ((1.0, 0.0, 0),))',False,,,
943,C5H81-3 + H = C5H8D14 + H,C5H81-3 + H = C5H8D14 + H,'RxnParams(arr, ((1.0, 0.0, 0),))',False,,,
945,C5H91-4 = B13DE2M + H,C5H91-4 = B13DE2M + H,'RxnParams(arr, ((1.0, 0.0, 0),))',False,,,
950,XC6D13 = C3H4-P + C3H6,XC6D13 = C3H4-P + C3H6,'RxnParams(arr, ((1.0, 0.0, 0),))',False,,,
953,B13DE2M + H = CH3 + C4H6-1,B13DE2M + H = CH3 + C4H6-1,'RxnParams(arr, ((1.0, 0.0, 0),))',False,,,
959,CYC3H4CHCH3 + H = C4H6 + CH3,CYC3H4CHCH3 + H = C4H6 + CH3,'RxnParams(arr, ((1.0, 0.0, 0),))',False,,,
960,C5H91-1 = C4H6 + CH3,C5H91-1 = C4H6 + CH3,'RxnParams(arr, ((1.0, 0.0, 0),))',False,,,
967,CYC3H5CHCH2 + H = C4H6-1 + CH3,CYC3H5CHCH2 + H = C4H6-1 + CH3,'RxnParams(arr, ((1.0, 0.0, 0),))',False,,,
968,CYC3H3-1C2H5 + H = C2H2 + NC3H7,CYC3H3-1C2H5 + H = C2H2 + NC3H7,'RxnParams(arr, ((1.0, 0.0, 0),))',False,,,
969,C4H8-2 + CH3 = AC5H10 + H,C4H8-2 + CH3 = AC5H10 + H,'RxnParams(arr, ((1.0, 0.0, 0),))',False,,,
970,C5H8-1 + H = C2H2 + NC3H7,C5H8-1 + H = C2H2 + NC3H7,'RxnParams(arr, ((1.0, 0.0, 0),))',False,,,
971,CYC3H4CHCH3 + H = CYC3H5CHCH2 + H,CYC3H4CHCH3 + H = CYC3H5CHCH2 + H,'RxnParams(arr, ((1.0, 0.0, 0),))',False,,,
972,C4H5-I + C2H2 = C6H6 + H,C4H5-I + C2H2 = C6H6 + H,'RxnParams(arr, ((1.0, 0.0, 0),))',False,,,
977,CH2CYC3H3CH3 + H = C2H3 + C3H6,CH2CYC3H3CH3 + H = C2H3 + C3H6,'RxnParams(arr, ((1.0, 0.0, 0),))',False,,,
979,AC5H10 + H = BC5H10 + H,AC5H10 + H = BC5H10 + H,'RxnParams(arr, ((1.0, 0.0, 0),))',False,,,
981,IND + H = C6H5,IND + H = C6H5,'RxnParams(arr, ((1.0, 0.0, 0),))',False,,,
984,C5H91-1 = CH2CYC3H4CH3,C5H91-1 = CH2CYC3H4CH3,'RxnParams(arr, ((1.0, 0.0, 0),))',False,,,
986,C3H6 + C2H5 = C4H8-1 + CH3,C3H6 + C2H5 = C4H8-1 + CH3,'RxnParams(arr, ((1.0, 0.0, 0),))',False,,,
992,CYC3H4C2H5-1 = C4H612 + CH3,CYC3H4C2H5-1 = C4H612 + CH3,'RxnParams(arr, ((1.0, 0.0, 0),))',False,,,
997,C5H5 + C5H6 = IND + CH3,C5H5 + C5H6 = IND + CH3,'RxnParams(arr, ((1.0, 0.0, 0),))',False,,,
998,PC4H9 = C3H6 + CH3,PC4H9 = C3H6 + CH3,'RxnParams(arr, ((1.0, 0.0, 0),))',False,,,
1001,C5H91-1 = CC5H9-A,C5H91-1 = CC5H9-A,'RxnParams(arr, ((1.0, 0.0, 0),))',False,,,
1004,CH3CYC3H3CH3-3 = C4H6 + CH3,CH3CYC3H3CH3-3 = C4H6 + CH3,'RxnParams(arr, ((1.0, 0.0, 0),))',False,,,
1007,CYC3H5CHCH2 + H = C2H4 + C3H5-A,CYC3H5CHCH2 + H = C2H4 + C3H5-A,'RxnParams(arr, ((1.0, 0.0, 0),))',False,,,
1011,CH2CYC3H4CH3 = CYC4H6-3-CH3,CH2CYC3H4CH3 = CYC4H6-3-CH3,'RxnParams(arr, ((1.0, 0.0, 0),))',False,,,
1014,CYC3H3-1C2H5 + H = C2H4 + C3H5-A,CYC3H3-1C2H5 + H = C2H4 + C3H5-A,'RxnParams(arr, ((1.0, 0.0, 0),))',False,,,
1015,C5H8-1 + H = C2H4 + C3H5-A,C5H8-1 + H = C2H4 + C3H5-A,'RxnParams(arr, ((1.0, 0.0, 0),))',False,,,
1017,C5H5 + CH3 = C5H4CH3 + H,C5H5 + CH3 = C5H4CH3 + H,'RxnParams(arr, ((1.0, 0.0, 0),))',False,,,
1020,C3H3 + C2H2 = C5H5,C3H3 + C2H2 = C5H5,'RxnParams(arr, ((1.0, 0.0, 0),))',False,,,
1029,C2H2 + CH3 = C3H5-A,C2H2 + CH3 = C3H5-A,'RxnParams(arr, ((1.0, 0.0, 0),))',False,,,
1031,CYC3H5CHCH3 = CYC4H6-2-CH3,CYC3H5CHCH3 = CYC4H6-2-CH3,'RxnParams(arr, ((1.0, 0.0, 0),))',False,,,
1036,C2H4 + IC3H7 = C4H8-1 + CH3,C2H4 + IC3H7 = C4H8-1 + CH3,'RxnParams(arr, ((1.0, 0.0, 0),))',False,,,
1041,C3H4-P + C3H4-P = C2H4 + C4H4,C3H4-P + C3H4-P = C2H4 + C4H4,'RxnParams(arr, ((1.0, 0.0, 0),))',False,,,
1047,C4H6 + H = C4H612 + H,C4H6 + H = C4H612 + H,'RxnParams(arr, ((1.0, 0.0, 0),))',False,,,
1052,CH2CYC3H3CH3 + H = C2H4 + C3H5-A,CH2CYC3H3CH3 + H = C2H4 + C3H5-A,'RxnParams(arr, ((1.0, 0.0, 0),))',False,,,
1063,C4H6-2 + H = C4H612 + H,C4H6-2 + H = C4H612 + H,'RxnParams(arr, ((1.0, 0.0, 0),))',False,,,
1065,IND + H = C3H3 + C6H6,IND + H = C3H3 + C6H6,'RxnParams(arr, ((1.0, 0.0, 0),))',False,,,
1069,C5H10-1 = C3H6 + C2H4,C5H10-1 = C3H6 + C2H4,'RxnParams(arr, ((1.0, 0.0, 0),))',False,,,
1072,CH2(S) + C2H4 = C3H6,CH2(S) + C2H4 = C3H6,'RxnParams(arr, ((1.0, 0.0, 0),))',False,,,
1081,C3H6 + C2H5 = BC5H10 + H,C3H6 + C2H5 = BC5H10 + H,'RxnParams(arr, ((1.0, 0.0, 0),))',False,,,
1082,C5H10-1 + H = C5H11-3,C5H10-1 + H = C5H11-3,'RxnParams(arr, ((1.0, 0.0, 0),))',False,,,
1087,C6H5CH2 + H = C6H5 + CH3,C6H5CH2 + H = C6H5 + CH3,'RxnParams(arr, ((1.0, 0.0, 0),))',False,,,
1093,C3H3 + CH = C4H3-I + H,C3H3 + CH = C4H3-I + H,'RxnParams(arr, ((1.0, 0.0, 0),))',False,,,
1097,C3H3 + C2H2 = C#CCVCCJ,C3H3 + C2H2 = C#CCVCCJ,'RxnParams(arr, ((1.0, 0.0, 0),))',False,,,
1107,C2H5 + C2H = C3H3 + CH3,C2H5 + C2H = C3H3 + CH3,'RxnParams(arr, ((1.0, 0.0, 0),))',False,,,
1109,C4H71-3 = C2H4 + C2H3,C4H71-3 = C2H4 + C2H3,'RxnParams(arr, ((1.0, 0.0, 0),))',False,,,
1111,C7H5 = C4H2 + C3H3,C7H5 = C4H2 + C3H3,'RxnParams(arr, ((1.0, 0.0, 0),))',False,,,
1112,C4H6 + H = C2H4 + C2H3,C4H6 + H = C2H4 + C2H3,'RxnParams(arr, ((1.0, 0.0, 0),))',False,,,
1117,AC5H11 = C2H4 + IC3H7,AC5H11 = C2H4 + IC3H7,'RxnParams(arr, ((1.0, 0.0, 0),))',False,,,
1140,C5H81-3 + H = B13DE2M + H,C5H81-3 + H = B13DE2M + H,'RxnParams(arr, ((1.0, 0.0, 0),))',False,,,
1145,BC5H11 = C4H8-2 + CH3,BC5H11 = C4H8-2 + CH3,'RxnParams(arr, ((1.0, 0.0, 0),))',False,,,
1150,C5H11-3 = C3H6 + C2H5,C5H11-3 = C3H6 + C2H5,'RxnParams(arr, ((1.0, 0.0, 0),))',False,,,
1151,CYC3H3-3C2H5 + H = C2H4 + C3H5-S,CYC3H3-3C2H5 + H = C2H4 + C3H5-S,'RxnParams(arr, ((1.0, 0.0, 0),))',False,,,
1157,C6H5 + C2H2 = C6H5CCH2,C6H5 + C2H2 = C6H5CCH2,'RxnParams(arr, ((1.0, 0.0, 0),))',False,,,
1158,C3H3 + CH = C4H3-N + H,C3H3 + CH = C4H3-N + H,'RxnParams(arr, ((1.0, 0.0, 0),))',False,,,
1159,AC5H11 = IC4H8 + CH3,AC5H11 = IC4H8 + CH3,'RxnParams(arr, ((1.0, 0.0, 0),))',False,,,
1161,CC3H4 = C3H4-P,CC3H4 = C3H4-P,'RxnParams(arr, ((1.0, 0.0, 0),))',False,,,
1162,CH3CYC3H3CH3 = C4H6 + CH3,CH3CYC3H3CH3 = C4H6 + CH3,'RxnParams(arr, ((1.0, 0.0, 0),))',False,,,
1164,C4H612 + H = C3H4-A + CH3,C4H612 + H = C3H4-A + CH3,'RxnParams(arr, ((1.0, 0.0, 0),))',False,,,
1168,C4H3-N + H = C4H3-I + H,C4H3-N + H = C4H3-I + H,'RxnParams(arr, ((1.0, 0.0, 0),))',False,,,
1172,C4H3-I + CH2 = C3H4-A + C2H,C4H3-I + CH2 = C3H4-A + C2H,'RxnParams(arr, ((1.0, 0.0, 0),))',False,,,
1181,C5H5 + CH3 = C5H5CH2-1 + H,C5H5 + CH3 = C5H5CH2-1 + H,'RxnParams(arr, ((1.0, 0.0, 0),))',False,,,
1183,C4H8-1 + H = C2H4 + C2H5,C4H8-1 + H = C2H4 + C2H5,'RxnParams(arr, ((1.0, 0.0, 0),))',False,,,
1185,FULVENE = C6H6,FULVENE = C6H6,'RxnParams(arr, ((1.0, 0.0, 0),))',False,,,
1187,CYC3H3-3C2H5 + H = C2H3 + C3H6,CYC3H3-3C2H5 + H = C2H3 + C3H6,'RxnParams(arr, ((1.0, 0.0, 0),))',False,,,
1198,CC5H9-B + H = CH3 + IC4H7-I1,CC5H9-B + H = CH3 + IC4H7-I1,'RxnParams(arr, ((1.0, 0.0, 0),))',False,,,
1200,C5H92-2 = C4H6 + CH3,C5H92-2 = C4H6 + CH3,'RxnParams(arr, ((1.0, 0.0, 0),))',False,,,
1207,CYC3H5CHCH2 + H = C3H4-P + C2H5,CYC3H5CHCH2 + H = C3H4-P + C2H5,'RxnParams(arr, ((1.0, 0.0, 0),))',False,,,
1210,C4H6 => C4H4 + H + H,C4H6 => C4H4 + H + H,'RxnParams(arr, ((1.0, 0.0, 0),))',False,,,
1216,AC5H11 = C4H8-2 + CH3,AC5H11 = C4H8-2 + CH3,'RxnParams(arr, ((1.0, 0.0, 0),))',False,,,
1219,C4H5-N + C2H2 = CH2CHCHCHCCH + H,C4H5-N + C2H2 = CH2CHCHCHCCH + H,'RxnParams(arr, ((1.0, 0.0, 0),))',False,,,
1223,C4H8-2 + CH3 = C4H8-1 + CH3,C4H8-2 + CH3 = C4H8-1 + CH3,'RxnParams(arr, ((1.0, 0.0, 0),))',False,,,
1226,CYC3H3-3C2H5 + H = C2H5 + C3H4-A,CYC3H3-3C2H5 + H = C2H5 + C3H4-A,'RxnParams(arr, ((1.0, 0.0, 0),))',False,,,
1227,CYC4H6-2-CH3 = C2H2 + NC3H7,CYC4H6-2-CH3 = C2H2 + NC3H7,'RxnParams(arr, ((1.0, 0.0, 0),))',False,,,
1236,H2CC + H = C2H2 + H,H2CC + H = C2H2 + H,'RxnParams(arr, ((1.0, 0.0, 0),))',False,,,
1241,C3H4-A + CH3 = C2H3 + C2H4,C3H4-A + CH3 = C2H3 + C2H4,'RxnParams(arr, ((1.0, 0.0, 0),))',False,,,
1245,C2H4 + IC3H7 = AC5H10 + H,C2H4 + IC3H7 = AC5H10 + H,'RxnParams(arr, ((1.0, 0.0, 0),))',False,,,
1246,C2H4 + IC3H7 = C4H8-2 + CH3,C2H4 + IC3H7 = C4H8-2 + CH3,'RxnParams(arr, ((1.0, 0.0, 0),))',False,,,
1251,C3H5-S + CH3 = C3H4-A + CH4,C3H5-S + CH3 = C3H4-A + CH4,'RxnParams(arr, ((1.0, 0.0, 0),))',False,,,
1257,CC5H11 = C2H4 + IC3H7,CC5H11 = C2H4 + IC3H7,'RxnParams(arr, ((1.0, 0.0, 0),))',False,,,
1266,C5H8-2 + H = C4H612 + CH3,C5H8-2 + H = C4H612 + CH3,'RxnParams(arr, ((1.0, 0.0, 0),))',False,,,
1267,C2H3 + C2H2 = C4H5-I,C2H3 + C2H2 = C4H5-I,'RxnParams(arr, ((1.0, 0.0, 0),))',False,,,
1269,C4H8-2 + CH3 = C3H6 + C2H5,C4H8-2 + CH3 = C3H6 + C2H5,'RxnParams(arr, ((1.0, 0.0, 0),))',False,,,
1270,CH2CYC3H4CH3 = C3H6 + C2H3,CH2CYC3H4CH3 = C3H6 + C2H3,'RxnParams(arr, ((1.0, 0.0, 0),))',False,,,
1272,C4H612 + H = C3H4-P + CH3,C4H612 + H = C3H4-P + CH3,'RxnParams(arr, ((1.0, 0.0, 0),))',False,,,
1275,CYC3H5CHCH3 = C3H5-A + C2H4,CYC3H5CHCH3 = C3H5-A + C2H4,'RxnParams(arr, ((1.0, 0.0, 0),))',False,,,
1278,CYC4H6-2-CH3 = C2H4 + C3H5-A,CYC4H6-2-CH3 = C2H4 + C3H5-A,'RxnParams(arr, ((1.0, 0.0, 0),))',False,,,
1283,C6H12-1 = C3H6 + C3H6,C6H12-1 = C3H6 + C3H6,'RxnParams(arr, ((1.0, 0.0, 0),))',False,,,
1296,C4H8-2 + H = C2H4 + C2H5,C4H8-2 + H = C2H4 + C2H5,'RxnParams(arr, ((1.0, 0.0, 0),))',False,,,
1297,C4H3-N + C2H2 = C-C6H4 + H,C4H3-N + C2H2 = C-C6H4 + H,'RxnParams(arr, ((1.0, 0.0, 0),))',False,,,
1299,C4H6 = C2H2 + C2H4,C4H6 = C2H2 + C2H4,'RxnParams(arr, ((1.0, 0.0, 0),))',False,,,
1302,CYC3H5CHCH2 + H = C2H3 + C3H6,CYC3H5CHCH2 + H = C2H3 + C3H6,'RxnParams(arr, ((1.0, 0.0, 0),))',False,,,
1305,C3H4-P + H = CH3 + C2H2,C3H4-P + H = CH3 + C2H2,'RxnParams(arr, ((1.0, 0.0, 0),))',False,,,
1317,C6H5 + C2H4 = C6H5C2H3 + H,C6H5 + C2H4 = C6H5C2H3 + H,'RxnParams(arr, ((1.0, 0.0, 0),))',False,,,
1327,C5H11-1 = C4H8-1 + CH3,C5H11-1 = C4H8-1 + CH3,'RxnParams(arr, ((1.0, 0.0, 0),))',False,,,
1329,C4H8-2 + CH3 = IC4H8 + CH3,C4H8-2 + CH3 = IC4H8 + CH3,'RxnParams(arr, ((1.0, 0.0, 0),))',False,,,
1332,C2H4 + NC3H7 = C4H8-1 + CH3,C2H4 + NC3H7 = C4H8-1 + CH3,'RxnParams(arr, ((1.0, 0.0, 0),))',False,,,
1338,C3H5-T + C2H2 = IC5D1T3 + H,C3H5-T + C2H2 = IC5D1T3 + H,'RxnParams(arr, ((1.0, 0.0, 0),))',False,,,
1352,C4H3-N + C2H2 = C6H5,C4H3-N + C2H2 = C6H5,'RxnParams(arr, ((1.0, 0.0, 0),))',False,,,
1353,CH3CYC3H3CH3-3 = C5H81-3 + H,CH3CYC3H3CH3-3 = C5H81-3 + H,'RxnParams(arr, ((1.0, 0.0, 0),))',False,,,
1354,CYC3H3-1C2H5 + H = C2H4 + C3H5-S,CYC3H3-1C2H5 + H = C2H4 + C3H5-S,'RxnParams(arr, ((1.0, 0.0, 0),))',False,,,
1355,CC5H10 + H = C2H4 + IC3H7,CC5H10 + H = C2H4 + IC3H7,'RxnParams(arr, ((1.0, 0.0, 0),))',False,,,
1362,C5H10-1 + H = C2H4 + NC3H7,C5H10-1 + H = C2H4 + NC3H7,'RxnParams(arr, ((1.0, 0.0, 0),))',False,,,
1366,C5H5 + CH3 = C5H5CH2-2 + H,C5H5 + CH3 = C5H5CH2-2 + H,'RxnParams(arr, ((1.0, 0.0, 0),))',False,,,
1369,C5H11-1 = C3H6 + C2H5,C5H11-1 = C3H6 + C2H5,'RxnParams(arr, ((1.0, 0.0, 0),))',False,,,
1377,C4H5-N + C2H2 = FULVENE + H,C4H5-N + C2H2 = FULVENE + H,'RxnParams(arr, ((1.0, 0.0, 0),))',False,,,
1383,NAPH + C5H5 = C14H10 + CH3,NAPH + C5H5 = C14H10 + CH3,'RxnParams(arr, ((1.0, 0.0, 0),))',False,,,
1387,C4H8-1 + CH3 = AC5H10 + H,C4H8-1 + CH3 = AC5H10 + H,'RxnParams(arr, ((1.0, 0.0, 0),))',False,,,
1389,C2H2 + CH2(S) = C2H2 + CH2,C2H2 + CH2(S) = C2H2 + CH2,'RxnParams(arr, ((1.0, 0.0, 0),))',False,,,
1391,FULVENE + H = C6H6 + H,FULVENE + H = C6H6 + H,'RxnParams(arr, ((1.0, 0.0, 0),))',False,,,
1403,NAPH + C3H3 = FLUORENE + H,NAPH + C3H3 = FLUORENE + H,'RxnParams(arr, ((1.0, 0.0, 0),))',False,,,
1404,C5H5 + C2H2 = C7H6 + H,C5H5 + C2H2 = C7H6 + H,'RxnParams(arr, ((1.0, 0.0, 0),))',False,,,
1406,CYC3H4CHCH3 + H = C2H4 + C3H5-S,CYC3H4CHCH3 + H = C2H4 + C3H5-S,'RxnParams(arr, ((1.0, 0.0, 0),))',False,,,
1407,C5H91-1 = C2H4 + C3H5-S,C5H91-1 = C2H4 + C3H5-S,'RxnParams(arr, ((1.0, 0.0, 0),))',False,,,
1408,C3H4-A + C3H4-A = C2H4 + C4H4,C3H4-A + C3H4-A = C2H4 + C4H4,'RxnParams(arr, ((1.0, 0.0, 0),))',False,,,
1409,CYC3H5CHCH3 = C2H4 + C3H5-S,CYC3H5CHCH3 = C2H4 + C3H5-S,'RxnParams(arr, ((1.0, 0.0, 0),))',False,,,
1411,C3H5-T + CH3 = IC4H7 + H,C3H5-T + CH3 = IC4H7 + H,'RxnParams(arr, ((1.0, 0.0, 0),))',False,,,
1413,C5H81-2 + H = C2H4 + C3H5-S,C5H81-2 + H = C2H4 + C3H5-S,'RxnParams(arr, ((1.0, 0.0, 0),))',False,,,
1416,DC5H11 = C4H8-1 + CH3,DC5H11 = C4H8-1 + CH3,'RxnParams(arr, ((1.0, 0.0, 0),))',False,,,
1426,C5H5CH2-1 = CYC6H7,C5H5CH2-1 = CYC6H7,'RxnParams(arr, ((1.0, 0.0, 0),))',False,,,
1431,C4H5-I + H = C3H3 + CH3,C4H5-I + H = C3H3 + CH3,'RxnParams(arr, ((1.0, 0.0, 0),))',False,,,
1437,C4H8-2 = C3H5-A + CH3,C4H8-2 = C3H5-A + CH3,'RxnParams(arr, ((1.0, 0.0, 0),))',False,,,
1438,C2H3 + C2H3 = C4H5-I + H,C2H3 + C2H3 = C4H5-I + H,'RxnParams(arr, ((1.0, 0.0, 0),))',False,,,
1441,C3H3 + C3H3 = C6H6,C3H3 + C3H3 = C6H6,'RxnParams(arr, ((1.0, 0.0, 0),))',False,,,
1442,C5H5CH2 = CYC6H7,C5H5CH2 = CYC6H7,'RxnParams(arr, ((1.0, 0.0, 0),))',False,,,
1443,C3H5-T + H = C2H3 + CH3,C3H5-T + H = C2H3 + CH3,'RxnParams(arr, ((1.0, 0.0, 0),))',False,,,
1444,BC5H11 = C4H8-1 + CH3,BC5H11 = C4H8-1 + CH3,'RxnParams(arr, ((1.0, 0.0, 0),))',False,,,
1446,C5H8-1 + H = C2H5 + C3H4-A,C5H8-1 + H = C2H5 + C3H4-A,'RxnParams(arr, ((1.0, 0.0, 0),))',False,,,
1452,B13DE2M + H = CH3 + C4H612,B13DE2M + H = CH3 + C4H612,'RxnParams(arr, ((1.0, 0.0, 0),))',False,,,
1453,CC5H10 + H = BC5H10 + H,CC5H10 + H = BC5H10 + H,'RxnParams(arr, ((1.0, 0.0, 0),))',False,,,
1455,C14H11 => C6H5 + C2H + C6H5,C14H11 => C6H5 + C2H + C6H5,'RxnParams(arr, ((1.0, 0.0, 0),))',False,,,
1457,L-C6H4 + H = C6H5,L-C6H4 + H = C6H5,'RxnParams(arr, ((1.0, 0.0, 0),))',False,,,
1460,DC5H11 = C3H6 + C2H5,DC5H11 = C3H6 + C2H5,'RxnParams(arr, ((1.0, 0.0, 0),))',False,,,
1467,C4H5-N + H = C4H5-I + H,C4H5-N + H = C4H5-I + H,'RxnParams(arr, ((1.0, 0.0, 0),))',False,,,
1473,C5H10-2 + H = C5H11-1,C5H10-2 + H = C5H11-1,'RxnParams(arr, ((1.0, 0.0, 0),))',False,,,
1475,CYC4H6-2-CH3 = C4H6 + CH3,CYC4H6-2-CH3 = C4H6 + CH3,'RxnParams(arr, ((1.0, 0.0, 0),))',False,,,
1480,CVCCJCVC + H = C4H5-N + CH3,CVCCJCVC + H = C4H5-N + CH3,'RxnParams(arr, ((1.0, 0.0, 0),))',False,,,
1481,IC4H8 + H = C3H6 + CH3,IC4H8 + H = C3H6 + CH3,'RxnParams(arr, ((1.0, 0.0, 0),))',False,,,
1483,C5H91-4 = CC5H9-A,C5H91-4 = CC5H9-A,'RxnParams(arr, ((1.0, 0.0, 0),))',False,,,
1487,CC5H10 + H = BC5H11,CC5H10 + H = BC5H11,'RxnParams(arr, ((1.0, 0.0, 0),))',False,,,
1488,SC4H9 = C2H4 + C2H5,SC4H9 = C2H4 + C2H5,'RxnParams(arr, ((1.0, 0.0, 0),))',False,,,
1489,C5H82-3 + H = C2H4 + C3H5-S,C5H82-3 + H = C2H4 + C3H5-S,'RxnParams(arr, ((1.0, 0.0, 0),))',False,,,
1490,BC5H11 = C3H6 + C2H5,BC5H11 = C3H6 + C2H5,'RxnParams(arr, ((1.0, 0.0, 0),))',False,,,
