,stereo-name,orig-name,ext-stereo-smiles,stereo-smiles,chi,orig-inchi,charge,mult
0,H,H,[H],[H],InChI=1S/H,InChI=1S/H,0,2
1,H2,H2,[H][H],[H][H],InChI=1S/H2/h1H,InChI=1S/H2/h1H,0,1
2,C,C,[C],[C],InChI=1S/C,InChI=1S/C,0,1
3,CH,CH,[CH],[CH],InChI=1S/CH/h1H,InChI=1S/CH/h1H,0,2
4,CH2,CH2,[CH2],[CH2],InChI=1S/CH2/h1H2,InChI=1S/CH2/h1H2,0,3
5,CH2(S),CH2(S),[CH2],[CH2],InChI=1S/CH2/h1H2,InChI=1S/CH2/h1H2,0,1
6,CH3,CH3,[CH3],[CH3],InChI=1S/CH3/h1H3,InChI=1S/CH3/h1H3,0,2
7,CH4,CH4,C,C,InChI=1S/CH4/h1H4,InChI=1S/CH4/h1H4,0,1
8,C2,C2,[C]#[C],[C]#[C],InChI=1S/C2/c1-2,InChI=1S/C2/c1-2,0,1
9,C2H,C2H,C#[C],[C]#C,InChI=1S/C2H/c1-2/h1H,InChI=1S/C2H/c1-2/h1H,0,2
10,C2H2,C2H2,C#C,C#C,InChI=1S/C2H2/c1-2/h1-2H,InChI=1S/C2H2/c1-2/h1-2H,0,1
11,H2CC,H2CC,C=[C],[C]=C,InChI=1S/C2H2/c1-2/h1H2,InChI=1S/C2H2/c1-2/h1H2,0,1
12,C2H3,C2H3,[CH]=C,[CH]=C,"InChI=1S/C2H3/c1-2/h1H,2H2","InChI=1S/C2H3/c1-2/h1H,2H2",0,2
13,C2H4,C2H4,C=C,C=C,InChI=1S/C2H4/c1-2/h1-2H2,InChI=1S/C2H4/c1-2/h1-2H2,0,1
14,C2H5,C2H5,[CH2]C,[CH2]C,"InChI=1S/C2H5/c1-2/h1H2,2H3","InChI=1S/C2H5/c1-2/h1H2,2H3",0,2
15,C2H6,C2H6,CC,CC,InChI=1S/C2H6/c1-2/h1-2H3,InChI=1S/C2H6/c1-2/h1-2H3,0,1
16,C3H2,C3H2,C#C[CH],C#C[CH],InChI=1S/C3H2/c1-3-2/h1-2H,InChI=1S/C3H2/c1-3-2/h1-2H,0,3
17,C3H2(S),C3H2(S),C#C[CH],C#C[CH],InChI=1S/C3H2/c1-3-2/h1-2H,InChI=1S/C3H2/c1-3-2/h1-2H,0,1
18,C3H2C,C3H2C,C1=C=C1,C1=CC=1,InChI=1S/C3H2/c1-2-3-1/h1-2H,InChI=1S/C3H2/c1-2-3-1/h1-2H,0,1
19,H2CCC(S),H2CCC(S),C=C=[C],[C]#C[CH2],InChI=1S/C3H2/c1-3-2/h1H2,InChI=1S/C3H2/c1-3-2/h1H2,0,3
20,C3H3,C3H3,C#C[CH2],C#C[CH2],"InChI=1S/C3H3/c1-3-2/h1H,2H2","InChI=1S/C3H3/c1-3-2/h1H,2H2",0,2
21,C3H4-A,C3H4-A,C=C=C,C=C=C,InChI=1S/C3H4/c1-3-2/h1-2H2,InChI=1S/C3H4/c1-3-2/h1-2H2,0,1
22,C3H4-P,C3H4-P,C#CC,C#CC,"InChI=1S/C3H4/c1-3-2/h1H,2H3","InChI=1S/C3H4/c1-3-2/h1H,2H3",0,1
23,CC3H4,CC3H4,C1CC=1,C1CC=1,"InChI=1S/C3H4/c1-2-3-1/h1-2H,3H2","InChI=1S/C3H4/c1-2-3-1/h1-2H,3H2",0,1
24,C3H5-A,C3H5-A,C=C[CH2],C=C[CH2],"InChI=1S/C3H5/c1-3-2/h3H,1-2H2","InChI=1S/C3H5/c1-3-2/h3H,1-2H2",0,2
25,C3H5-S-Z,C3H5-S,[H]/[C]=C\C,[H]/[C]=C\C,"AMChI=1/C3H5/c1-3-2/h1,3H,2H3/b3-1-","InChI=1S/C3H5/c1-3-2/h1,3H,2H3",0,2
26,C3H5-S-E,C3H5-S,[H]/[C]=C/C,[H]/[C]=C/C,"AMChI=1/C3H5/c1-3-2/h1,3H,2H3/b3-1+","InChI=1S/C3H5/c1-3-2/h1,3H,2H3",0,2
27,C3H5-T,C3H5-T,C=[C]C,C=[C]C,"InChI=1S/C3H5/c1-3-2/h1H2,2H3","InChI=1S/C3H5/c1-3-2/h1H2,2H3",0,2
28,C3H6,C3H6,C=CC,C=CC,"InChI=1S/C3H6/c1-3-2/h3H,1H2,2H3","InChI=1S/C3H6/c1-3-2/h3H,1H2,2H3",0,1
29,IC3H7,IC3H7,C[CH]C,C[CH]C,"InChI=1S/C3H7/c1-3-2/h3H,1-2H3","InChI=1S/C3H7/c1-3-2/h3H,1-2H3",0,2
30,NC3H7,NC3H7,[CH2]CC,[CH2]CC,"InChI=1S/C3H7/c1-3-2/h1,3H2,2H3","InChI=1S/C3H7/c1-3-2/h1,3H2,2H3",0,2
31,C3H8,C3H8,CCC,CCC,"InChI=1S/C3H8/c1-3-2/h3H2,1-2H3","InChI=1S/C3H8/c1-3-2/h3H2,1-2H3",0,1
32,C4H2,C4H2,C#CC#C,C#CC#C,InChI=1S/C4H2/c1-3-4-2/h1-2H,InChI=1S/C4H2/c1-3-4-2/h1-2H,0,1
33,C4H3-I,C4H3-I,C#C[C]=C,C#C[C]=C,"InChI=1S/C4H3/c1-3-4-2/h1H,2H2","InChI=1S/C4H3/c1-3-4-2/h1H,2H2",0,2
34,C4H3-N-Z,C4H3-N,[H]/[C]=C\C#C,[H]/[C]=C\C#C,"AMChI=1/C4H3/c1-3-4-2/h1-2,4H/b4-2-",InChI=1S/C4H3/c1-3-4-2/h1-3H,0,2
35,C4H3-N-E,C4H3-N,[H]/[C]=C/C#C,[H]/[C]=C/C#C,"AMChI=1/C4H3/c1-3-4-2/h1-2,4H/b4-2+",InChI=1S/C4H3/c1-3-4-2/h1-3H,0,2
36,C4H4,C4H4,C#CC=C,C#CC=C,"InChI=1S/C4H4/c1-3-4-2/h1,4H,2H2","InChI=1S/C4H4/c1-3-4-2/h1,4H,2H2",0,1
37,C4H5-1,C4H5-1,CCC#[C],[C]#CCC,"InChI=1S/C4H5/c1-3-4-2/h3H2,1H3","InChI=1S/C4H5/c1-3-4-2/h3H2,1H3",0,2
38,C4H5-2,C4H5-2,C=C=[C]C,C=C=[C]C,"InChI=1S/C4H5/c1-3-4-2/h1H2,2H3","InChI=1S/C4H5/c1-3-4-2/h1H2,2H3",0,2
39,C4H5-3,C4H5-3,C#C[CH]C,C#C[CH]C,"InChI=1S/C4H5/c1-3-4-2/h1,4H,2H3","InChI=1S/C4H5/c1-3-4-2/h1,4H,2H3",0,2
40,C4H5-4,C4H5-4,C#CC[CH2],C#CC[CH2],"InChI=1S/C4H5/c1-3-4-2/h1H,2,4H2","InChI=1S/C4H5/c1-3-4-2/h1H,2,4H2",0,2
41,C4H5-I,C4H5-I,C=C[C]=C,C=[C]C=C,"InChI=1S/C4H5/c1-3-4-2/h3H,1-2H2","InChI=1S/C4H5/c1-3-4-2/h3H,1-2H2",0,2
42,C4H5-N-Z,C4H5-N,[H]/[C]=C\C=C,[H]/[C]=C\C=C,"AMChI=1/C4H5/c1-3-4-2/h1,3-4H,2H2/b3-1-","InChI=1S/C4H5/c1-3-4-2/h1,3-4H,2H2",0,2
43,C4H5-N-E,C4H5-N,[H]/[C]=C/C=C,[H]/[C]=C/C=C,"AMChI=1/C4H5/c1-3-4-2/h1,3-4H,2H2/b3-1+","InChI=1S/C4H5/c1-3-4-2/h1,3-4H,2H2",0,2
44,C4H6,C4H6,C=CC=C,C=CC=C,"InChI=1S/C4H6/c1-3-4-2/h3-4H,1-2H2","InChI=1S/C4H6/c1-3-4-2/h3-4H,1-2H2",0,1
45,C4H6-1,C4H6-1,C#CCC,C#CCC,"InChI=1S/C4H6/c1-3-4-2/h1H,4H2,2H3","InChI=1S/C4H6/c1-3-4-2/h1H,4H2,2H3",0,1
46,C4H612,C4H612,C=C=CC,C=C=CC,"InChI=1S/C4H6/c1-3-4-2/h4H,1H2,2H3","InChI=1S/C4H6/c1-3-4-2/h4H,1H2,2H3",0,1
47,C4H6-2,C4H6-2,CC#CC,CC#CC,InChI=1S/C4H6/c1-3-4-2/h1-2H3,InChI=1S/C4H6/c1-3-4-2/h1-2H3,0,1
48,C4H71-1-Z,C4H71-1,[H]/[C]=C\CC,[H]/[C]=C\CC,"AMChI=1/C4H7/c1-3-4-2/h1,3H,4H2,2H3/b3-1-","InChI=1S/C4H7/c1-3-4-2/h1,3H,4H2,2H3",0,2
49,C4H71-1-E,C4H71-1,[H]/[C]=C/CC,[H]/[C]=C/CC,"AMChI=1/C4H7/c1-3-4-2/h1,3H,4H2,2H3/b3-1+","InChI=1S/C4H7/c1-3-4-2/h1,3H,4H2,2H3",0,2
50,C4H71-2,C4H71-2,C=[C]CC,C=[C]CC,"InChI=1S/C4H7/c1-3-4-2/h1,4H2,2H3","InChI=1S/C4H7/c1-3-4-2/h1,4H2,2H3",0,2
51,C4H71-3-Z,C4H71-3,[CH2]/C=C\C,[CH2]/C=C\C,"AMChI=1/C4H7/c1-3-4-2/h3-4H,1H2,2H3/b4-3-","InChI=1S/C4H7/c1-3-4-2/h3-4H,1H2,2H3",0,2
52,C4H71-3-E,C4H71-3,[CH2]/C=C/C,[CH2]/C=C/C,"AMChI=1/C4H7/c1-3-4-2/h3-4H,1H2,2H3/b4-3+","InChI=1S/C4H7/c1-3-4-2/h3-4H,1H2,2H3",0,2
53,C4H71-4,C4H71-4,C=CC[CH2],C=CC[CH2],"InChI=1S/C4H7/c1-3-4-2/h3H,1-2,4H2","InChI=1S/C4H7/c1-3-4-2/h3H,1-2,4H2",0,2
54,C4H72-2-Z,C4H72-2,C/[C]=C\C,C/[C]=C\C,"AMChI=1/C4H7/c1-3-4-2/h4H,1-2H3/b4-3-","InChI=1S/C4H7/c1-3-4-2/h3H,1-2H3",0,2
55,C4H72-2-E,C4H72-2,C/[C]=C/C,C/[C]=C/C,"AMChI=1/C4H7/c1-3-4-2/h4H,1-2H3/b4-3+","InChI=1S/C4H7/c1-3-4-2/h3H,1-2H3",0,2
56,IC4H7,IC4H7,[CH2]C(=C)C,[CH2]C(=C)C,"InChI=1S/C4H7/c1-4(2)3/h1-2H2,3H3","InChI=1S/C4H7/c1-4(2)3/h1-2H2,3H3",0,2
57,IC4H7-I1,IC4H7-I1,[CH]=C(C)C,[CH]=C(C)C,"InChI=1S/C4H7/c1-4(2)3/h1H,2-3H3","InChI=1S/C4H7/c1-4(2)3/h1H,2-3H3",0,2
58,C4H8-1,C4H8-1,C=CCC,C=CCC,"InChI=1S/C4H8/c1-3-4-2/h3H,1,4H2,2H3","InChI=1S/C4H8/c1-3-4-2/h3H,1,4H2,2H3",0,1
59,C4H8-2-Z,C4H8-2,C/C=C\C,C/C=C\C,"InChI=1S/C4H8/c1-3-4-2/h3-4H,1-2H3/b4-3-","InChI=1S/C4H8/c1-3-4-2/h3-4H,1-2H3",0,1
60,C4H8-2-E,C4H8-2,C/C=C/C,C/C=C/C,"InChI=1S/C4H8/c1-3-4-2/h3-4H,1-2H3/b4-3+","InChI=1S/C4H8/c1-3-4-2/h3-4H,1-2H3",0,1
61,IC4H8,IC4H8,C=C(C)C,C=C(C)C,"InChI=1S/C4H8/c1-4(2)3/h1H2,2-3H3","InChI=1S/C4H8/c1-4(2)3/h1H2,2-3H3",0,1
62,IC4H9,IC4H9,[CH2]C(C)C,[CH2]C(C)C,"InChI=1S/C4H9/c1-4(2)3/h4H,1H2,2-3H3","InChI=1S/C4H9/c1-4(2)3/h4H,1H2,2-3H3",0,2
63,PC4H9,PC4H9,[CH2]CCC,[CH2]CCC,"InChI=1S/C4H9/c1-3-4-2/h1,3-4H2,2H3","InChI=1S/C4H9/c1-3-4-2/h1,3-4H2,2H3",0,2
64,SC4H9,SC4H9,C[CH]CC,C[CH]CC,"InChI=1S/C4H9/c1-3-4-2/h3H,4H2,1-2H3","InChI=1S/C4H9/c1-3-4-2/h3H,4H2,1-2H3",0,2
65,TC4H9,TC4H9,C[C](C)C,C[C](C)C,InChI=1S/C4H9/c1-4(2)3/h1-3H3,InChI=1S/C4H9/c1-4(2)3/h1-3H3,0,2
66,C4H10,C4H10,CCCC,CCCC,"InChI=1S/C4H10/c1-3-4-2/h3-4H2,1-2H3","InChI=1S/C4H10/c1-3-4-2/h3-4H2,1-2H3",0,1
67,IC4H10,IC4H10,CC(C)C,CC(C)C,"InChI=1S/C4H10/c1-4(2)3/h4H,1-3H3","InChI=1S/C4H10/c1-4(2)3/h4H,1-3H3",0,1
68,C5H5,C5H5,C1[CH]C=CC=1,C1[CH]C=CC=1,InChI=1S/C5H5/c1-2-4-5-3-1/h1-5H,InChI=1S/C5H5/c1-2-4-5-3-1/h1-5H,0,2
69,NC5D124-5R-Z,NC5D124-5R,[H]/[C]=C\C=C=C,[H]/[C]=C\C=C=C,"AMChI=1/C5H5/c1-4-5-3-2/h1,4-5H,2H2/b4-1-","InChI=1S/C5H5/c1-3-5-4-2/h1,3,5H,2H2",0,2
70,NC5D124-5R-E,NC5D124-5R,[H]/[C]=C/C=C=C,[H]/[C]=C/C=C=C,"AMChI=1/C5H5/c1-4-5-3-2/h1,4-5H,2H2/b4-1+","InChI=1S/C5H5/c1-3-5-4-2/h1,3,5H,2H2",0,2
71,C5H6,C5H6,C1=CCC=C1,C1=CCC=C1,"InChI=1S/C5H6/c1-2-4-5-3-1/h1-4H,5H2","InChI=1S/C5H6/c1-2-4-5-3-1/h1-4H,5H2",0,1
72,NC5D124,NC5D124,C=CC=C=C,C=C=CC=C,"InChI=1S/C5H6/c1-3-5-4-2/h3,5H,1-2H2","InChI=1S/C5H6/c1-3-5-4-2/h3,5H,1-2H2",0,1
73,B13DE2MJ,B13DE2MJ,C=CC([CH2])=C,C=CC([CH2])=C,"InChI=1S/C5H7/c1-4-5(2)3/h4H,1-3H2","InChI=1S/C5H7/c1-4-5(2)3/h4H,1-3H2",0,2
74,C5H7,C5H7,C1[CH]CCC=1,C1[CH]CCC=1,"InChI=1S/C5H7/c1-2-4-5-3-1/h1-3H,4-5H2","InChI=1S/C5H7/c1-2-4-5-3-1/h1-3H,4-5H2",0,2
75,CVCCJCVC-ZZ,CVCCJCVC,C=/C/C=\C\[CH2],C=C/C=C\[CH2],"AMChI=1/C5H7/c1-3-5-4-2/h3-5H,1-2H2/b5-3-,5-4-","InChI=1S/C5H7/c1-3-5-4-2/h3-5H,1-2H2",0,2
76,CVCCJCVC-ZE,CVCCJCVC,C=/C/C=\C/[CH2],C=C/C=C/[CH2],"AMChI=1/C5H7/c1-3-5-4-2/h3-5H,1-2H2/b5-3-,5-4+","InChI=1S/C5H7/c1-3-5-4-2/h3-5H,1-2H2",0,2
77,CVCCJCVC-EE,CVCCJCVC,C=/C/C=/C/[CH2],C=C/C=C/[CH2],"AMChI=1/C5H7/c1-3-5-4-2/h3-5H,1-2H2/b5-3+,5-4+","InChI=1S/C5H7/c1-3-5-4-2/h3-5H,1-2H2",0,2
78,B12DE3M,B12DE3M,C=C=C(C)C,C=C=C(C)C,"InChI=1S/C5H8/c1-4-5(2)3/h1H2,2-3H3","InChI=1S/C5H8/c1-4-5(2)3/h1H2,2-3H3",0,1
79,B13DE2M,B13DE2M,C=CC(=C)C,C=CC(=C)C,"InChI=1S/C5H8/c1-4-5(2)3/h4H,1-2H2,3H3","InChI=1S/C5H8/c1-4-5(2)3/h4H,1-2H2,3H3",0,1
80,C5H8-1,C5H8-1,C#CCCC,C#CCCC,"InChI=1S/C5H8/c1-3-5-4-2/h1H,4-5H2,2H3","InChI=1S/C5H8/c1-3-5-4-2/h1H,4-5H2,2H3",0,1
81,C5H81-2,C5H81-2,C=C=CCC,C=C=CCC,"InChI=1S/C5H8/c1-3-5-4-2/h5H,1,4H2,2H3","InChI=1S/C5H8/c1-3-5-4-2/h5H,1,4H2,2H3",0,1
82,C5H81-3-Z,C5H81-3,C=C/C=C\C,C=C/C=C\C,"InChI=1S/C5H8/c1-3-5-4-2/h3-5H,1H2,2H3/b5-4-","InChI=1S/C5H8/c1-3-5-4-2/h3-5H,1H2,2H3",0,1
83,C5H81-3-E,C5H81-3,C=C/C=C/C,C=C/C=C/C,"InChI=1S/C5H8/c1-3-5-4-2/h3-5H,1H2,2H3/b5-4+","InChI=1S/C5H8/c1-3-5-4-2/h3-5H,1H2,2H3",0,1
84,C5H8-2,C5H8-2,CCC#CC,CC#CCC,"InChI=1S/C5H8/c1-3-5-4-2/h3H2,1-2H3","InChI=1S/C5H8/c1-3-5-4-2/h3H2,1-2H3",0,1
85,C5H82-3,C5H82-3,CC=C=CC,CC=C=CC,"InChI=1S/C5H8/c1-3-5-4-2/h3-4H,1-2H3","InChI=1S/C5H8/c1-3-5-4-2/h3-4H,1-2H3",0,1
86,C5H8D14,C5H8D14,C=CCC=C,C=CCC=C,"InChI=1S/C5H8/c1-3-5-4-2/h3-4H,1-2,5H2","InChI=1S/C5H8/c1-3-5-4-2/h3-4H,1-2,5H2",0,1
87,CH2CYC3H3CH3-A0,CH2CYC3H3CH3,C=C1[C@@H](C)C1,C=C1[C@@H](C)C1,"InChI=1S/C5H8/c1-4-3-5(4)2/h5H,1,3H2,2H3/t5-/m0/s1","InChI=1S/C5H8/c1-4-3-5(4)2/h5H,1,3H2,2H3",0,1
88,CH2CYC3H3CH3-A1,CH2CYC3H3CH3,C=C1[C@H](C)C1,C=C1[C@H](C)C1,"InChI=1S/C5H8/c1-4-3-5(4)2/h5H,1,3H2,2H3/t5-/m1/s1","InChI=1S/C5H8/c1-4-3-5(4)2/h5H,1,3H2,2H3",0,1
89,CYC3H3-1C2H5,CYC3H3-1C2H5,CCC1CC=1,CCC1CC=1,"InChI=1S/C5H8/c1-2-5-3-4-5/h3H,2,4H2,1H3","InChI=1S/C5H8/c1-2-5-3-4-5/h3H,2,4H2,1H3",0,1
90,CYC3H3-3C2H5,CYC3H3-3C2H5,CCC1C=C1,CCC1C=C1,"InChI=1S/C5H8/c1-2-5-3-4-5/h3-5H,2H2,1H3","InChI=1S/C5H8/c1-2-5-3-4-5/h3-5H,2H2,1H3",0,1
91,CYC3H4CHCH3,CYC3H4CHCH3,CC=C1CC1,CC=C1CC1,"InChI=1S/C5H8/c1-2-5-3-4-5/h2H,3-4H2,1H3","InChI=1S/C5H8/c1-2-5-3-4-5/h2H,3-4H2,1H3",0,1
92,CYC3H5CHCH2,CYC3H5CHCH2,C=CC1CC1,C=CC1CC1,"InChI=1S/C5H8/c1-2-5-3-4-5/h2,5H,1,3-4H2","InChI=1S/C5H8/c1-2-5-3-4-5/h2,5H,1,3-4H2",0,1
93,AC5H9-A2,AC5H9-A2,CCC([CH2])=C,[CH2]C(=C)CC,"InChI=1S/C5H9/c1-4-5(2)3/h2-4H2,1H3","InChI=1S/C5H9/c1-4-5(2)3/h2-4H2,1H3",0,2
94,AC5H9-C-Z,AC5H9-C,[CH2]/C(C)=C/C,[CH2]/C(C)=C/C,"AMChI=1/C5H9/c1-5(3)4-2/h4H,1H2,2-3H3/b5-4-","InChI=1S/C5H9/c1-4-5(2)3/h4H,2H2,1,3H3",0,2
95,AC5H9-C-E,AC5H9-C,[CH2]/C(C)=C\C,[CH2]/C(C)=C\C,"AMChI=1/C5H9/c1-5(3)4-2/h4H,1H2,2-3H3/b5-4+","InChI=1S/C5H9/c1-4-5(2)3/h4H,2H2,1,3H3",0,2
96,AC5H9-D,AC5H9-D,[CH2]CC(=C)C,[CH2]CC(=C)C,"InChI=1S/C5H9/c1-4-5(2)3/h1-2,4H2,3H3","InChI=1S/C5H9/c1-4-5(2)3/h1-2,4H2,3H3",0,2
97,C5H91-1-Z,C5H91-1,[H]/[C]=C\CCC,[H]/[C]=C\CCC,"AMChI=1/C5H9/c1-3-5-4-2/h1,3H,4-5H2,2H3/b3-1-","InChI=1S/C5H9/c1-3-5-4-2/h1,3H,4-5H2,2H3",0,2
98,C5H91-1-E,C5H91-1,[H]/[C]=C/CCC,[H]/[C]=C/CCC,"AMChI=1/C5H9/c1-3-5-4-2/h1,3H,4-5H2,2H3/b3-1+","InChI=1S/C5H9/c1-3-5-4-2/h1,3H,4-5H2,2H3",0,2
99,C5H91-2,C5H91-2,C=[C]CCC,C=[C]CCC,"InChI=1S/C5H9/c1-3-5-4-2/h1,4-5H2,2H3","InChI=1S/C5H9/c1-3-5-4-2/h1,4-5H2,2H3",0,2
100,C5H91-3-Z,C5H91-3,[CH2]/C=C\CC,[CH2]/C=C\CC,"AMChI=1/C5H9/c1-3-4-5-2/h3-4H,1,5H2,2H3/b4-3-","InChI=1S/C5H9/c1-3-5-4-2/h3,5H,1,4H2,2H3",0,2
101,C5H91-3-E,C5H91-3,[CH2]/C=C/CC,[CH2]/C=C/CC,"AMChI=1/C5H9/c1-3-4-5-2/h3-4H,1,5H2,2H3/b4-3+","InChI=1S/C5H9/c1-3-5-4-2/h3,5H,1,4H2,2H3",0,2
102,C5H91-4,C5H91-4,C=CC[CH]C,C=CC[CH]C,"InChI=1S/C5H9/c1-3-5-4-2/h3-4H,1,5H2,2H3","InChI=1S/C5H9/c1-3-5-4-2/h3-4H,1,5H2,2H3",0,2
103,C5H91-5,C5H91-5,C=CCC[CH2],C=CCC[CH2],"InChI=1S/C5H9/c1-3-5-4-2/h3H,1-2,4-5H2","InChI=1S/C5H9/c1-3-5-4-2/h3H,1-2,4-5H2",0,2
104,C5H92-2-Z,C5H92-2,C/[C]=C\CC,C/[C]=C\CC,"AMChI=1/C5H9/c1-3-4-5-2/h4H,5H2,1-2H3/b4-3-","InChI=1S/C5H9/c1-3-5-4-2/h5H,3H2,1-2H3",0,2
105,C5H92-2-E,C5H92-2,C/[C]=C/CC,C/[C]=C/CC,"AMChI=1/C5H9/c1-3-4-5-2/h4H,5H2,1-2H3/b4-3+","InChI=1S/C5H9/c1-3-5-4-2/h5H,3H2,1-2H3",0,2
106,C5H92-3-Z,C5H92-3,C/C=[C]\CC,C/C=[C]\CC,"AMChI=1/C5H9/c1-4-3-5-2/h4H,5H2,1-2H3/b4-3-","InChI=1S/C5H9/c1-3-5-4-2/h3H,4H2,1-2H3",0,2
107,C5H92-3-E,C5H92-3,C/C=[C]/CC,C/C=[C]/CC,"AMChI=1/C5H9/c1-4-3-5-2/h4H,5H2,1-2H3/b4-3+","InChI=1S/C5H9/c1-3-5-4-2/h3H,4H2,1-2H3",0,2
108,C5H92-4-ZZ,C5H92-4,C/[CH]/C=\C\C,C[CH]/C=C\C,"AMChI=1/C5H9/c1-3-5-4-2/h3-5H,1-2H3/b5-3-,5-4-","InChI=1S/C5H9/c1-3-5-4-2/h3-5H,1-2H3",0,2
109,C5H92-4-ZE,C5H92-4,C/[CH]/C=\C/C,C[CH]/C=C/C,"AMChI=1/C5H9/c1-3-5-4-2/h3-5H,1-2H3/b5-3-,5-4+","InChI=1S/C5H9/c1-3-5-4-2/h3-5H,1-2H3",0,2
110,C5H92-4-EE,C5H92-4,C/[CH]/C=/C/C,C[CH]/C=C/C,"AMChI=1/C5H9/c1-3-5-4-2/h3-5H,1-2H3/b5-3+,5-4+","InChI=1S/C5H9/c1-3-5-4-2/h3-5H,1-2H3",0,2
111,C5H92-5-Z,C5H92-5,[CH2]C/C=C\C,[CH2]C/C=C\C,"InChI=1S/C5H9/c1-3-5-4-2/h4-5H,1,3H2,2H3/b5-4-","InChI=1S/C5H9/c1-3-5-4-2/h4-5H,1,3H2,2H3",0,2
112,C5H92-5-E,C5H92-5,[CH2]C/C=C/C,[CH2]C/C=C/C,"InChI=1S/C5H9/c1-3-5-4-2/h4-5H,1,3H2,2H3/b5-4+","InChI=1S/C5H9/c1-3-5-4-2/h4-5H,1,3H2,2H3",0,2
113,CC5H9-A-A0,CC5H9-A,C=C[C@@H]([CH2])C,C=C[C@@H]([CH2])C,"InChI=1S/C5H9/c1-4-5(2)3/h4-5H,1-2H2,3H3/t5-/m0/s1","InChI=1S/C5H9/c1-4-5(2)3/h4-5H,1-2H2,3H3",0,2
114,CC5H9-A-A1,CC5H9-A,C=C[C@H]([CH2])C,C=C[C@H]([CH2])C,"InChI=1S/C5H9/c1-4-5(2)3/h4-5H,1-2H2,3H3/t5-/m1/s1","InChI=1S/C5H9/c1-4-5(2)3/h4-5H,1-2H2,3H3",0,2
115,CC5H9-B,CC5H9-B,[CH2]C=C(C)C,[CH2]C=C(C)C,"InChI=1S/C5H9/c1-4-5(2)3/h4H,1H2,2-3H3","InChI=1S/C5H9/c1-4-5(2)3/h4H,1H2,2-3H3",0,2
116,CH2CYC3H4CH3-AA0,CH2CYC3H4CH3,[CH2][C@@H]1[C@@H](C)C1,[CH2][C@@H]1[C@@H](C)C1,"InChI=1S/C5H9/c1-4-3-5(4)2/h4-5H,1,3H2,2H3/t4-,5-/m0/s1","InChI=1S/C5H9/c1-4-3-5(4)2/h4-5H,1,3H2,2H3",0,2
117,CH2CYC3H4CH3-AB0,CH2CYC3H4CH3,[CH2][C@@H]1[C@H](C)C1,[CH2][C@@H]1[C@H](C)C1,"InChI=1S/C5H9/c1-4-3-5(4)2/h4-5H,1,3H2,2H3/t4-,5+/m0/s1","InChI=1S/C5H9/c1-4-3-5(4)2/h4-5H,1,3H2,2H3",0,2
118,CH2CYC3H4CH3-AB1,CH2CYC3H4CH3,[CH2][C@H]1[C@@H](C)C1,[CH2][C@H]1[C@@H](C)C1,"InChI=1S/C5H9/c1-4-3-5(4)2/h4-5H,1,3H2,2H3/t4-,5+/m1/s1","InChI=1S/C5H9/c1-4-3-5(4)2/h4-5H,1,3H2,2H3",0,2
119,CH2CYC3H4CH3-AA1,CH2CYC3H4CH3,[CH2][C@H]1[C@H](C)C1,[CH2][C@H]1[C@H](C)C1,"InChI=1S/C5H9/c1-4-3-5(4)2/h4-5H,1,3H2,2H3/t4-,5-/m1/s1","InChI=1S/C5H9/c1-4-3-5(4)2/h4-5H,1,3H2,2H3",0,2
120,CH3CYC3H3CH3-A0,CH3CYC3H3CH3,C[C@@H]1[C](C)C1,C[C]1[C@@H](C)C1,"InChI=1S/C5H9/c1-4-3-5(4)2/h4H,3H2,1-2H3/t4-/m0/s1","InChI=1S/C5H9/c1-4-3-5(4)2/h4H,3H2,1-2H3",0,2
121,CH3CYC3H3CH3-A1,CH3CYC3H3CH3,C[C@H]1[C](C)C1,C[C]1[C@H](C)C1,"InChI=1S/C5H9/c1-4-3-5(4)2/h4H,3H2,1-2H3/t4-/m1/s1","InChI=1S/C5H9/c1-4-3-5(4)2/h4H,3H2,1-2H3",0,2
122,CH3CYC3H3CH3-3-AA0,CH3CYC3H3CH3-3,C[C@@H]1[C@@H](C)[CH]1,C[C@@H]1[C@@H](C)[CH]1,"InChI=1S/C5H9/c1-4-3-5(4)2/h3-5H,1-2H3/t4-,5-/m0/s1","InChI=1S/C5H9/c1-4-3-5(4)2/h3-5H,1-2H3",0,2
123,CH3CYC3H3CH3-3-AB,CH3CYC3H3CH3-3,C[C@@H]1[C@H](C)[CH]1,C[C@@H]1[C@H](C)[CH]1,"InChI=1S/C5H9/c1-4-3-5(4)2/h3-5H,1-2H3/t4-,5+","InChI=1S/C5H9/c1-4-3-5(4)2/h3-5H,1-2H3",0,2
124,CH3CYC3H3CH3-3-AA1,CH3CYC3H3CH3-3,C[C@H]1[C@H](C)[CH]1,C[C@H]1[C@H](C)[CH]1,"InChI=1S/C5H9/c1-4-3-5(4)2/h3-5H,1-2H3/t4-,5-/m1/s1","InChI=1S/C5H9/c1-4-3-5(4)2/h3-5H,1-2H3",0,2
125,CYC3H4C2H5-1,CYC3H4C2H5-1,CC[C]1CC1,CC[C]1CC1,"InChI=1S/C5H9/c1-2-5-3-4-5/h2-4H2,1H3","InChI=1S/C5H9/c1-2-5-3-4-5/h2-4H2,1H3",0,2
126,CYC3H4C2H5-2-A1,CYC3H4C2H5-2,CC[C@H]1C[CH]1,CC[C@H]1C[CH]1,"InChI=1S/C5H9/c1-2-5-3-4-5/h3,5H,2,4H2,1H3/t5-/m1/s1","InChI=1S/C5H9/c1-2-5-3-4-5/h3,5H,2,4H2,1H3",0,2
127,CYC3H4C2H5-2-A0,CYC3H4C2H5-2,CC[C@@H]1C[CH]1,CC[C@@H]1C[CH]1,"InChI=1S/C5H9/c1-2-5-3-4-5/h3,5H,2,4H2,1H3/t5-/m0/s1","InChI=1S/C5H9/c1-2-5-3-4-5/h3,5H,2,4H2,1H3",0,2
128,CYC3H5CHCH3,CYC3H5CHCH3,C[CH]C1CC1,C[CH]C1CC1,"InChI=1S/C5H9/c1-2-5-3-4-5/h2,5H,3-4H2,1H3","InChI=1S/C5H9/c1-2-5-3-4-5/h2,5H,3-4H2,1H3",0,2
129,CYC4H6-2-CH3-A0,CYC4H6-2-CH3,C[C@@H]1CC[CH]1,C[C@@H]1CC[CH]1,"InChI=1S/C5H9/c1-5-3-2-4-5/h3,5H,2,4H2,1H3/t5-/m0/s1","InChI=1S/C5H9/c1-5-3-2-4-5/h3,5H,2,4H2,1H3",0,2
130,CYC4H6-2-CH3-A1,CYC4H6-2-CH3,C[C@H]1CC[CH]1,C[C@H]1CC[CH]1,"InChI=1S/C5H9/c1-5-3-2-4-5/h3,5H,2,4H2,1H3/t5-/m1/s1","InChI=1S/C5H9/c1-5-3-2-4-5/h3,5H,2,4H2,1H3",0,2
131,CYC4H6-3-CH3,CYC4H6-3-CH3,CC1C[CH]C1,CC1C[CH]C1,"InChI=1S/C5H9/c1-5-3-2-4-5/h2,5H,3-4H2,1H3","InChI=1S/C5H9/c1-5-3-2-4-5/h2,5H,3-4H2,1H3",0,2
132,CYC5H9,CYC5H9,[CH]1CCCC1,[CH]1CCCC1,"InChI=1S/C5H9/c1-2-4-5-3-1/h1H,2-5H2","InChI=1S/C5H9/c1-2-4-5-3-1/h1H,2-5H2",0,2
133,AC5H10,AC5H10,CCC(=C)C,C=C(C)CC,"InChI=1S/C5H10/c1-4-5(2)3/h2,4H2,1,3H3","InChI=1S/C5H10/c1-4-5(2)3/h2,4H2,1,3H3",0,1
134,BC5H10,BC5H10,CC=C(C)C,CC=C(C)C,"InChI=1S/C5H10/c1-4-5(2)3/h4H,1-3H3","InChI=1S/C5H10/c1-4-5(2)3/h4H,1-3H3",0,1
135,C5H10-1,C5H10-1,C=CCCC,C=CCCC,"InChI=1S/C5H10/c1-3-5-4-2/h3H,1,4-5H2,2H3","InChI=1S/C5H10/c1-3-5-4-2/h3H,1,4-5H2,2H3",0,1
136,C5H10-2-Z,C5H10-2,C/C=C\CC,C/C=C\CC,"InChI=1S/C5H10/c1-3-5-4-2/h3,5H,4H2,1-2H3/b5-3-","InChI=1S/C5H10/c1-3-5-4-2/h3,5H,4H2,1-2H3",0,1
137,C5H10-2-E,C5H10-2,C/C=C/CC,C/C=C/CC,"InChI=1S/C5H10/c1-3-5-4-2/h3,5H,4H2,1-2H3/b5-3+","InChI=1S/C5H10/c1-3-5-4-2/h3,5H,4H2,1-2H3",0,1
138,CC5H10,CC5H10,C=CC(C)C,C=CC(C)C,"InChI=1S/C5H10/c1-4-5(2)3/h4-5H,1H2,2-3H3","InChI=1S/C5H10/c1-4-5(2)3/h4-5H,1H2,2-3H3",0,1
139,AC5H11-A0,AC5H11,CC[C@@H]([CH2])C,[CH2][C@@H](C)CC,"InChI=1S/C5H11/c1-4-5(2)3/h5H,2,4H2,1,3H3/t5-/m0/s1","InChI=1S/C5H11/c1-4-5(2)3/h5H,2,4H2,1,3H3",0,2
140,AC5H11-A1,AC5H11,CC[C@H]([CH2])C,[CH2][C@H](C)CC,"InChI=1S/C5H11/c1-4-5(2)3/h5H,2,4H2,1,3H3/t5-/m1/s1","InChI=1S/C5H11/c1-4-5(2)3/h5H,2,4H2,1,3H3",0,2
141,BC5H11,BC5H11,CC[C](C)C,CC[C](C)C,"InChI=1S/C5H11/c1-4-5(2)3/h4H2,1-3H3","InChI=1S/C5H11/c1-4-5(2)3/h4H2,1-3H3",0,2
142,C5H11-1,C5H11-1,[CH2]CCCC,[CH2]CCCC,"InChI=1S/C5H11/c1-3-5-4-2/h1,3-5H2,2H3","InChI=1S/C5H11/c1-3-5-4-2/h1,3-5H2,2H3",0,2
143,C5H11-2,C5H11-2,C[CH]CCC,C[CH]CCC,"InChI=1S/C5H11/c1-3-5-4-2/h3H,4-5H2,1-2H3","InChI=1S/C5H11/c1-3-5-4-2/h3H,4-5H2,1-2H3",0,2
144,C5H11-3,C5H11-3,CC[CH]CC,CC[CH]CC,"InChI=1S/C5H11/c1-3-5-4-2/h5H,3-4H2,1-2H3","InChI=1S/C5H11/c1-3-5-4-2/h5H,3-4H2,1-2H3",0,2
145,CC5H11,CC5H11,C[CH]C(C)C,C[CH]C(C)C,"InChI=1S/C5H11/c1-4-5(2)3/h4-5H,1-3H3","InChI=1S/C5H11/c1-4-5(2)3/h4-5H,1-3H3",0,2
146,DC5H11,DC5H11,[CH2]CC(C)C,[CH2]CC(C)C,"InChI=1S/C5H11/c1-4-5(2)3/h5H,1,4H2,2-3H3","InChI=1S/C5H11/c1-4-5(2)3/h5H,1,4H2,2-3H3",0,2
147,NEOC5H11,NEOC5H11,[CH2]C(C)(C)C,[CH2]C(C)(C)C,"InChI=1S/C5H11/c1-5(2,3)4/h1H2,2-4H3","InChI=1S/C5H11/c1-5(2,3)4/h1H2,2-4H3",0,2
148,IC5H12,IC5H12,CCC(C)C,CCC(C)C,"InChI=1S/C5H12/c1-4-5(2)3/h5H,4H2,1-3H3","InChI=1S/C5H12/c1-4-5(2)3/h5H,4H2,1-3H3",0,1
149,NC5H12,NC5H12,CCCCC,CCCCC,"InChI=1S/C5H12/c1-3-5-4-2/h3-5H2,1-2H3","InChI=1S/C5H12/c1-3-5-4-2/h3-5H2,1-2H3",0,1
150,NEOC5H12,NEOC5H12,CC(C)(C)C,CC(C)(C)C,"InChI=1S/C5H12/c1-5(2,3)4/h1-4H3","InChI=1S/C5H12/c1-5(2,3)4/h1-4H3",0,1
151,C6H2,C6H2,C#CC#CC#C,C#CC#CC#C,InChI=1S/C6H2/c1-3-5-6-4-2/h1-2H,InChI=1S/C6H2/c1-3-5-6-4-2/h1-2H,0,1
152,C6H3,C6H3,C#CC=C=C=[CH],C#C[C]=CC#C,"InChI=1S/C6H3/c1-3-5-6-4-2/h1-2,5H","InChI=1S/C6H3/c1-3-5-6-4-2/h1-2,5H",0,2
153,C6H3,C6H3,C#CC=C=C=[CH],C#C[C]=CC#C,"InChI=1S/C6H3/c1-3-5-6-4-2/h1-2,5H","InChI=1S/C6H3/c1-3-5-6-4-2/h1-2,5H",0,2
154,C-C6H4,C-C6H4,C1=CC#CC=C1,C1=CC=CC=C=1,InChI=1S/C6H4/c1-2-4-6-5-3-1/h1-4H,InChI=1S/C6H4/c1-2-4-6-5-3-1/h1-4H,0,1
155,L-C6H4-Z,L-C6H4,C#C/C=C\C#C,C#C/C=C\C#C,"InChI=1S/C6H4/c1-3-5-6-4-2/h1-2,5-6H/b6-5-","InChI=1S/C6H4/c1-3-5-6-4-2/h1-2,5-6H",0,1
156,L-C6H4-E,L-C6H4,C#C/C=C/C#C,C#C/C=C/C#C,"InChI=1S/C6H4/c1-3-5-6-4-2/h1-2,5-6H/b6-5+","InChI=1S/C6H4/c1-3-5-6-4-2/h1-2,5-6H",0,1
157,C6H5,C6H5,C1[CH]C=C=CC=1,C1=CC=C[CH]C=1,InChI=1S/C6H5/c1-2-4-6-5-3-1/h1-5H,InChI=1S/C6H5/c1-2-4-6-5-3-1/h1-5H,0,2
158,C6H6,C6H6,C1=CC=CC=C1,C1=CC=CC=C1,InChI=1S/C6H6/c1-2-4-6-5-3-1/h1-6H,InChI=1S/C6H6/c1-2-4-6-5-3-1/h1-6H,0,1
159,FULVENE,FULVENE,C=C1C=CC=C1,C=C1C=CC=C1,"InChI=1S/C6H6/c1-6-4-2-3-5-6/h2-5H,1H2","InChI=1S/C6H6/c1-6-4-2-3-5-6/h2-5H,1H2",0,1
160,C5H4CH3,C5H4CH3,CC1=CC=C[CH]1,CC1=CC=C[CH]1,"InChI=1S/C6H7/c1-6-4-2-3-5-6/h2-5H,1H3","InChI=1S/C6H7/c1-6-4-2-3-5-6/h2-5H,1H3",0,2
161,C5H5CH2,C5H5CH2,[CH2]C1C=CC=C1,[CH2]C1C=CC=C1,"InChI=1S/C6H7/c1-6-4-2-3-5-6/h2-6H,1H2","InChI=1S/C6H7/c1-6-4-2-3-5-6/h2-6H,1H2",0,2
162,C5H5CH2-1,C5H5CH2-1,C=C1C[CH]C=C1,C=C1C[CH]C=C1,"InChI=1S/C6H7/c1-6-4-2-3-5-6/h2-4H,1,5H2","InChI=1S/C6H7/c1-6-4-2-3-5-6/h2-4H,1,5H2",0,2
163,C5H5CH2-2,C5H5CH2-2,[CH2]C1=CCC=C1,[CH2]C1=CCC=C1,"InChI=1S/C6H7/c1-6-4-2-3-5-6/h2,4-5H,1,3H2","InChI=1S/C6H7/c1-6-4-2-3-5-6/h2,4-5H,1,3H2",0,2
164,CYC6H7,CYC6H7,C1C=CC[CH]C=1,C1C=CC[CH]C=1,"InChI=1S/C6H7/c1-2-4-6-5-3-1/h1-5H,6H2","InChI=1S/C6H7/c1-2-4-6-5-3-1/h1-5H,6H2",0,2
165,C5H5CH3,C5H5CH3,CC1C=CC=C1,CC1C=CC=C1,"InChI=1S/C6H8/c1-6-4-2-3-5-6/h2-6H,1H3","InChI=1S/C6H8/c1-6-4-2-3-5-6/h2-6H,1H3",0,1
166,C5H5CH3-1,C5H5CH3-1,CC1CC=CC=1,CC1CC=CC=1,"InChI=1S/C6H8/c1-6-4-2-3-5-6/h2-4H,5H2,1H3","InChI=1S/C6H8/c1-6-4-2-3-5-6/h2-4H,5H2,1H3",0,1
167,C5H5CH3-2,C5H5CH3-2,CC1=CCC=C1,CC1=CCC=C1,"InChI=1S/C6H8/c1-6-4-2-3-5-6/h2,4-5H,3H2,1H3","InChI=1S/C6H8/c1-6-4-2-3-5-6/h2,4-5H,3H2,1H3",0,1
168,C6H8-Z,C6H8,C=C/C=C\C=C,C=C/C=C\C=C,"InChI=1S/C6H8/c1-3-5-6-4-2/h3-6H,1-2H2/b6-5-","InChI=1S/C6H8/c1-3-5-6-4-2/h3-6H,1-2H2",0,1
169,C6H8-E,C6H8,C=C/C=C/C=C,C=C/C=C/C=C,"InChI=1S/C6H8/c1-3-5-6-4-2/h3-6H,1-2H2/b6-5+","InChI=1S/C6H8/c1-3-5-6-4-2/h3-6H,1-2H2",0,1
170,CYHEXDN13,CYHEXDN13,C1=CCCC=C1,C1=CCCC=C1,"InChI=1S/C6H8/c1-2-4-6-5-3-1/h1-4H,5-6H2","InChI=1S/C6H8/c1-2-4-6-5-3-1/h1-4H,5-6H2",0,1
171,CYHEXDN14,CYHEXDN14,C1CC=CCC=1,C1CC=CCC=1,"InChI=1S/C6H8/c1-2-4-6-5-3-1/h1-2,5-6H,3-4H2","InChI=1S/C6H8/c1-2-4-6-5-3-1/h1-2,5-6H,3-4H2",0,1
172,CYPENTN-4MTHNE,CYPENTN-4MTHNE,C=C1CC=CC1,C=C1CC=CC1,"InChI=1S/C6H8/c1-6-4-2-3-5-6/h2-3H,1,4-5H2","InChI=1S/C6H8/c1-6-4-2-3-5-6/h2-3H,1,4-5H2",0,1
173,C6H9-A-Z,C6H9-A,[CH2]/C=C\CC=C,[CH2]/C=C\CC=C,"AMChI=1/C6H9/c1-3-5-6-4-2/h3-5H,1-2,6H2/b5-3-","InChI=1S/C6H9/c1-3-5-6-4-2/h3-5H,1-2,6H2",0,2
174,C6H9-A-E,C6H9-A,[CH2]/C=C/CC=C,[CH2]/C=C/CC=C,"AMChI=1/C6H9/c1-3-5-6-4-2/h3-5H,1-2,6H2/b5-3+","InChI=1S/C6H9/c1-3-5-6-4-2/h3-5H,1-2,6H2",0,2
175,CYHEXEN-4J,CYHEXEN-4J,C1C[CH]CCC=1,C1C[CH]CCC=1,"InChI=1S/C6H9/c1-2-4-6-5-3-1/h1-2,5H,3-4,6H2","InChI=1S/C6H9/c1-2-4-6-5-3-1/h1-2,5H,3-4,6H2",0,2
176,CYPENTN-4M3J-A0,CYPENTN-4M3J,C[C@@H]1C[CH]C=C1,C[C@@H]1C[CH]C=C1,"InChI=1S/C6H9/c1-6-4-2-3-5-6/h2-4,6H,5H2,1H3/t6-/m0/s1","InChI=1S/C6H9/c1-6-4-2-3-5-6/h2-4,6H,5H2,1H3",0,2
177,CYPENTN-4M3J-A1,CYPENTN-4M3J,C[C@H]1C[CH]C=C1,C[C@H]1C[CH]C=C1,"InChI=1S/C6H9/c1-6-4-2-3-5-6/h2-4,6H,5H2,1H3/t6-/m1/s1","InChI=1S/C6H9/c1-6-4-2-3-5-6/h2-4,6H,5H2,1H3",0,2
178,CYPENTN-4M4J,CYPENTN-4M4J,C[C]1CC=CC1,C[C]1CC=CC1,"InChI=1S/C6H9/c1-6-4-2-3-5-6/h2-3H,4-5H2,1H3","InChI=1S/C6H9/c1-6-4-2-3-5-6/h2-3H,4-5H2,1H3",0,2
179,CYPENTN-4MJ,CYPENTN-4MJ,[CH2]C1CC=CC1,[CH2]C1CC=CC1,"InChI=1S/C6H9/c1-6-4-2-3-5-6/h2-3,6H,1,4-5H2","InChI=1S/C6H9/c1-6-4-2-3-5-6/h2-3,6H,1,4-5H2",0,2
180,I3C6D13-5-Z,I3C6D13-5,C=C/C([CH2])=C\C,C=C/C([CH2])=C\C,"AMChI=1/C6H9/c1-4-6(2)5-3/h4-5H,1-2H2,3H3/b6-5-","InChI=1S/C6H9/c1-4-6(3)5-2/h4-5H,1,3H2,2H3",0,2
181,I3C6D13-5-E,I3C6D13-5,C=C/C([CH2])=C/C,C=C/C([CH2])=C/C,"AMChI=1/C6H9/c1-4-6(2)5-3/h4-5H,1-2H2,3H3/b6-5+","InChI=1S/C6H9/c1-4-6(3)5-2/h4-5H,1,3H2,2H3",0,2
182,I3C6D13-6,I3C6D13-6,C=CC(=C)C[CH2],C=CC(=C)C[CH2],"InChI=1S/C6H9/c1-4-6(3)5-2/h4H,1-3,5H2","InChI=1S/C6H9/c1-4-6(3)5-2/h4H,1-3,5H2",0,2
183,I3C6D15-4,I3C6D15-4,C=CC([CH2])C=C,C=CC([CH2])C=C,"InChI=1S/C6H9/c1-4-6(3)5-2/h4-6H,1-3H2","InChI=1S/C6H9/c1-4-6(3)5-2/h4-6H,1-3H2",0,2
184,IC6D13-1AR-Z,IC6D13-1AR,C/C=C\C(=C)[CH2],[CH2]C(=C)/C=C\C,"InChI=1S/C6H9/c1-4-5-6(2)3/h4-5H,2-3H2,1H3/b5-4-","InChI=1S/C6H9/c1-4-5-6(2)3/h4-5H,2-3H2,1H3",0,2
185,IC6D13-1AR-E,IC6D13-1AR,C/C=C/C(=C)[CH2],[CH2]C(=C)/C=C/C,"InChI=1S/C6H9/c1-4-5-6(2)3/h4-5H,2-3H2,1H3/b5-4+","InChI=1S/C6H9/c1-4-5-6(2)3/h4-5H,2-3H2,1H3",0,2
186,IC6D13-5R-ZZ,IC6D13-5R,[CH2]/C=/C\C(=C)\C,[CH2]/C=C\C(=C)C,"AMChI=1/C6H9/c1-4-5-6(2)3/h4-5H,1-2H2,3H3/b5-4-,6-5-","InChI=1S/C6H9/c1-4-5-6(2)3/h4-5H,1-2H2,3H3",0,2
187,IC6D13-5R-ZE,IC6D13-5R,[CH2]/C=/C\C(=C)/C,[CH2]/C=C\C(=C)C,"AMChI=1/C6H9/c1-4-5-6(2)3/h4-5H,1-2H2,3H3/b5-4-,6-5+","InChI=1S/C6H9/c1-4-5-6(2)3/h4-5H,1-2H2,3H3",0,2
188,IC6D13-5R-EZ,IC6D13-5R,[CH2]/C=/C/C(=C)\C,[CH2]/C=C/C(=C)C,"AMChI=1/C6H9/c1-4-5-6(2)3/h4-5H,1-2H2,3H3/b5-4+,6-5-","InChI=1S/C6H9/c1-4-5-6(2)3/h4-5H,1-2H2,3H3",0,2
189,IC6D13-5R-EE,IC6D13-5R,[CH2]/C=/C/C(=C)/C,[CH2]/C=C/C(=C)C,"AMChI=1/C6H9/c1-4-5-6(2)3/h4-5H,1-2H2,3H3/b5-4+,6-5+","InChI=1S/C6H9/c1-4-5-6(2)3/h4-5H,1-2H2,3H3",0,2
190,IC6D14-1,IC6D14-1,C=CCC(=C)[CH2],C=CCC(=C)[CH2],"InChI=1S/C6H9/c1-4-5-6(2)3/h4H,1-3,5H2","InChI=1S/C6H9/c1-4-5-6(2)3/h4H,1-3,5H2",0,2
191,XC6D13-1AR,XC6D13-1AR,[CH2]C(=C)C(=C)C,[CH2]C(=C)C(=C)C,"InChI=1S/C6H9/c1-5(2)6(3)4/h1-3H2,4H3","InChI=1S/C6H9/c1-5(2)6(3)4/h1-3H2,4H3",0,2
192,C6H101-5,C6H101-5,C=CCCC=C,C=CCCC=C,"InChI=1S/C6H10/c1-3-5-6-4-2/h3-4H,1-2,5-6H2","InChI=1S/C6H10/c1-3-5-6-4-2/h3-4H,1-2,5-6H2",0,1
193,C6H10D13-Z,C6H10D13,C=C/C=C\CC,C=C/C=C\CC,"InChI=1S/C6H10/c1-3-5-6-4-2/h3,5-6H,1,4H2,2H3/b6-5-","InChI=1S/C6H10/c1-3-5-6-4-2/h3,5-6H,1,4H2,2H3",0,1
194,C6H10D13-E,C6H10D13,C=C/C=C/CC,C=C/C=C/CC,"InChI=1S/C6H10/c1-3-5-6-4-2/h3,5-6H,1,4H2,2H3/b6-5+","InChI=1S/C6H10/c1-3-5-6-4-2/h3,5-6H,1,4H2,2H3",0,1
195,C6H10D14-Z,C6H10D14,C=CC/C=C\C,C=CC/C=C\C,"InChI=1S/C6H10/c1-3-5-6-4-2/h3-4,6H,1,5H2,2H3/b6-4-","InChI=1S/C6H10/c1-3-5-6-4-2/h3-4,6H,1,5H2,2H3",0,1
196,C6H10D14-E,C6H10D14,C=CC/C=C/C,C=CC/C=C/C,"InChI=1S/C6H10/c1-3-5-6-4-2/h3-4,6H,1,5H2,2H3/b6-4+","InChI=1S/C6H10/c1-3-5-6-4-2/h3-4,6H,1,5H2,2H3",0,1
197,C6H10D24-ZZ,C6H10D24,C/C=C\C=C/C,C/C=C\C=C/C,"InChI=1S/C6H10/c1-3-5-6-4-2/h3-6H,1-2H3/b5-3-,6-4-","InChI=1S/C6H10/c1-3-5-6-4-2/h3-6H,1-2H3",0,1
198,C6H10D24-ZE,C6H10D24,C/C=C\C=C\C,C/C=C\C=C\C,"InChI=1S/C6H10/c1-3-5-6-4-2/h3-6H,1-2H3/b5-3-,6-4+","InChI=1S/C6H10/c1-3-5-6-4-2/h3-6H,1-2H3",0,1
199,C6H10D24-EE,C6H10D24,C/C=C/C=C/C,C/C=C/C=C/C,"InChI=1S/C6H10/c1-3-5-6-4-2/h3-6H,1-2H3/b5-3+,6-4+","InChI=1S/C6H10/c1-3-5-6-4-2/h3-6H,1-2H3",0,1
200,IC6D13-Z,IC6D13,C/C=C\C(=C)C,C=C(C)/C=C\C,"InChI=1S/C6H10/c1-4-5-6(2)3/h4-5H,2H2,1,3H3/b5-4-","InChI=1S/C6H10/c1-4-5-6(2)3/h4-5H,2H2,1,3H3",0,1
201,IC6D13-E,IC6D13,C/C=C/C(=C)C,C=C(C)/C=C/C,"InChI=1S/C6H10/c1-4-5-6(2)3/h4-5H,2H2,1,3H3/b5-4+","InChI=1S/C6H10/c1-4-5-6(2)3/h4-5H,2H2,1,3H3",0,1
202,IC6D24,IC6D24,C=CC=C(C)C,C=CC=C(C)C,"InChI=1S/C6H10/c1-4-5-6(2)3/h4-5H,1H2,2-3H3","InChI=1S/C6H10/c1-4-5-6(2)3/h4-5H,1H2,2-3H3",0,1
203,XC6D13,XC6D13,C=C(C)C(=C)C,C=C(C)C(=C)C,"InChI=1S/C6H10/c1-5(2)6(3)4/h1,3H2,2,4H3","InChI=1S/C6H10/c1-5(2)6(3)4/h1,3H2,2,4H3",0,1
204,C6H111-3-Z,C6H111-3,[CH2]/C=C\CCC,[CH2]/C=C\CCC,"AMChI=1/C6H11/c1-3-4-6-5-2/h3-4H,1,5-6H2,2H3/b4-3-","InChI=1S/C6H11/c1-3-5-6-4-2/h3,5H,1,4,6H2,2H3",0,2
205,C6H111-3-E,C6H111-3,[CH2]/C=C/CCC,[CH2]/C=C/CCC,"AMChI=1/C6H11/c1-3-4-6-5-2/h3-4H,1,5-6H2,2H3/b4-3+","InChI=1S/C6H11/c1-3-5-6-4-2/h3,5H,1,4,6H2,2H3",0,2
206,C6H111-4,C6H111-4,C=CC[CH]CC,C=CC[CH]CC,"InChI=1S/C6H11/c1-3-5-6-4-2/h3,6H,1,4-5H2,2H3","InChI=1S/C6H11/c1-3-5-6-4-2/h3,6H,1,4-5H2,2H3",0,2
207,C6H111-5,C6H111-5,C=CCC[CH]C,C=CCC[CH]C,"InChI=1S/C6H11/c1-3-5-6-4-2/h3-4H,1,5-6H2,2H3","InChI=1S/C6H11/c1-3-5-6-4-2/h3-4H,1,5-6H2,2H3",0,2
208,C6H111-6,C6H111-6,C=CCCC[CH2],C=CCCC[CH2],"InChI=1S/C6H11/c1-3-5-6-4-2/h3H,1-2,4-6H2","InChI=1S/C6H11/c1-3-5-6-4-2/h3H,1-2,4-6H2",0,2
209,C6H112-4-ZZ,C6H112-4,C/[CH]/C=\C\CC,C[CH]/C=C\CC,"AMChI=1/C6H11/c1-3-4-5-6-2/h3-5H,6H2,1-2H3/b4-3-,5-4-","InChI=1S/C6H11/c1-3-5-6-4-2/h3,5-6H,4H2,1-2H3",0,2
210,C6H112-4-ZE,C6H112-4,C/[CH]/C=\C/CC,C[CH]/C=C/CC,"AMChI=1/C6H11/c1-3-4-5-6-2/h3-5H,6H2,1-2H3/b4-3-,5-4+","InChI=1S/C6H11/c1-3-5-6-4-2/h3,5-6H,4H2,1-2H3",0,2
211,C6H112-4-EZ,C6H112-4,C/[CH]/C=/C\CC,C[CH]/C=C\CC,"AMChI=1/C6H11/c1-3-4-5-6-2/h3-5H,6H2,1-2H3/b4-3+,5-4-","InChI=1S/C6H11/c1-3-5-6-4-2/h3,5-6H,4H2,1-2H3",0,2
212,C6H112-4-EE,C6H112-4,C/[CH]/C=/C/CC,C[CH]/C=C/CC,"AMChI=1/C6H11/c1-3-4-5-6-2/h3-5H,6H2,1-2H3/b4-3+,5-4+","InChI=1S/C6H11/c1-3-5-6-4-2/h3,5-6H,4H2,1-2H3",0,2
213,C6H112-5-Z,C6H112-5,C/C=C\C[CH]C,C/C=C\C[CH]C,"InChI=1S/C6H11/c1-3-5-6-4-2/h3-5H,6H2,1-2H3/b5-3-","InChI=1S/C6H11/c1-3-5-6-4-2/h3-5H,6H2,1-2H3",0,2
214,C6H112-5-E,C6H112-5,C/C=C/C[CH]C,C/C=C/C[CH]C,"InChI=1S/C6H11/c1-3-5-6-4-2/h3-5H,6H2,1-2H3/b5-3+","InChI=1S/C6H11/c1-3-5-6-4-2/h3-5H,6H2,1-2H3",0,2
215,C6H112-6-Z,C6H112-6,[CH2]CC/C=C\C,[CH2]CC/C=C\C,"InChI=1S/C6H11/c1-3-5-6-4-2/h4,6H,1,3,5H2,2H3/b6-4-","InChI=1S/C6H11/c1-3-5-6-4-2/h4,6H,1,3,5H2,2H3",0,2
216,C6H112-6-E,C6H112-6,[CH2]CC/C=C/C,[CH2]CC/C=C/C,"InChI=1S/C6H11/c1-3-5-6-4-2/h4,6H,1,3,5H2,2H3/b6-4+","InChI=1S/C6H11/c1-3-5-6-4-2/h4,6H,1,3,5H2,2H3",0,2
217,C6H113-1-Z,C6H113-1,[CH2]C/C=C\CC,[CH2]C/C=C\CC,"InChI=1S/C6H11/c1-3-5-6-4-2/h5-6H,1,3-4H2,2H3/b6-5-","InChI=1S/C6H11/c1-3-5-6-4-2/h5-6H,1,3-4H2,2H3",0,2
218,C6H113-1-E,C6H113-1,[CH2]C/C=C/CC,[CH2]C/C=C/CC,"InChI=1S/C6H11/c1-3-5-6-4-2/h5-6H,1,3-4H2,2H3/b6-5+","InChI=1S/C6H11/c1-3-5-6-4-2/h5-6H,1,3-4H2,2H3",0,2
219,I3C6D1-3-Z,I3C6D1-3,[CH2]/C=C(C)\CC,[CH2]/C=C(C)\CC,"AMChI=1/C6H11/c1-4-6(3)5-2/h4H,1,5H2,2-3H3/b6-4-","InChI=1S/C6H11/c1-4-6(3)5-2/h4H,1,5H2,2-3H3",0,2
220,I3C6D1-3-E,I3C6D1-3,[CH2]/C=C(C)/CC,[CH2]/C=C(C)/CC,"AMChI=1/C6H11/c1-4-6(3)5-2/h4H,1,5H2,2-3H3/b6-4+","InChI=1S/C6H11/c1-4-6(3)5-2/h4H,1,5H2,2-3H3",0,2
221,I3C6D1-4-A0,I3C6D1-4,C=C[C@H]([CH2])CC,C=C[C@H]([CH2])CC,"InChI=1S/C6H11/c1-4-6(3)5-2/h4,6H,1,3,5H2,2H3/t6-/m0/s1","InChI=1S/C6H11/c1-4-6(3)5-2/h4,6H,1,3,5H2,2H3",0,2
222,I3C6D1-4-A1,I3C6D1-4,C=C[C@@H]([CH2])CC,C=C[C@@H]([CH2])CC,"InChI=1S/C6H11/c1-4-6(3)5-2/h4,6H,1,3,5H2,2H3/t6-/m1/s1","InChI=1S/C6H11/c1-4-6(3)5-2/h4,6H,1,3,5H2,2H3",0,2
223,I3C6D1-5-A0,I3C6D1-5,C=C[C@H](C)[CH]C,C=C[C@H](C)[CH]C,"InChI=1S/C6H11/c1-4-6(3)5-2/h4-6H,1H2,2-3H3/t6-/m0/s1","InChI=1S/C6H11/c1-4-6(3)5-2/h4-6H,1H2,2-3H3",0,2
224,I3C6D1-5-A1,I3C6D1-5,C=C[C@@H](C)[CH]C,C=C[C@@H](C)[CH]C,"InChI=1S/C6H11/c1-4-6(3)5-2/h4-6H,1H2,2-3H3/t6-/m1/s1","InChI=1S/C6H11/c1-4-6(3)5-2/h4-6H,1H2,2-3H3",0,2
225,I3C6D1-6-A0,I3C6D1-6,C=C[C@H](C)C[CH2],C=C[C@H](C)C[CH2],"InChI=1S/C6H11/c1-4-6(3)5-2/h4,6H,1-2,5H2,3H3/t6-/m0/s1","InChI=1S/C6H11/c1-4-6(3)5-2/h4,6H,1-2,5H2,3H3",0,2
226,I3C6D1-6-A1,I3C6D1-6,C=C[C@@H](C)C[CH2],C=C[C@@H](C)C[CH2],"InChI=1S/C6H11/c1-4-6(3)5-2/h4,6H,1-2,5H2,3H3/t6-/m1/s1","InChI=1S/C6H11/c1-4-6(3)5-2/h4,6H,1-2,5H2,3H3",0,2
227,I3C6D2-5-ZZ,I3C6D2-5,C/[CH]/C(C)=\C\C,C[CH]/C(C)=C\C,"AMChI=1/C6H11/c1-4-6(3)5-2/h4-5H,1-3H3/b6-4-,6-5-","InChI=1S/C6H11/c1-4-6(3)5-2/h4-5H,1-3H3",0,2
228,I3C6D2-5-ZE,I3C6D2-5,C/[CH]/C(C)=\C/C,C[CH]/C(C)=C/C,"AMChI=1/C6H11/c1-4-6(3)5-2/h4-5H,1-3H3/b6-4-,6-5+","InChI=1S/C6H11/c1-4-6(3)5-2/h4-5H,1-3H3",0,2
229,I3C6D2-5-EE,I3C6D2-5,C/[CH]/C(C)=/C/C,C[CH]/C(C)=C/C,"AMChI=1/C6H11/c1-4-6(3)5-2/h4-5H,1-3H3/b6-4+,6-5+","InChI=1S/C6H11/c1-4-6(3)5-2/h4-5H,1-3H3",0,2
230,I3C6D2-6-Z,I3C6D2-6,[CH2]C/C(C)=C\C,[CH2]C/C(C)=C\C,"InChI=1S/C6H11/c1-4-6(3)5-2/h5H,1,4H2,2-3H3/b6-5-","InChI=1S/C6H11/c1-4-6(3)5-2/h5H,1,4H2,2-3H3",0,2
231,I3C6D2-6-E,I3C6D2-6,[CH2]C/C(C)=C/C,[CH2]C/C(C)=C/C,"InChI=1S/C6H11/c1-4-6(3)5-2/h5H,1,4H2,2-3H3/b6-5+","InChI=1S/C6H11/c1-4-6(3)5-2/h5H,1,4H2,2-3H3",0,2
232,I3C6D3-1,I3C6D3-1,[CH2]CC(=C)CC,[CH2]CC(=C)CC,"InChI=1S/C6H11/c1-4-6(3)5-2/h1,3-5H2,2H3","InChI=1S/C6H11/c1-4-6(3)5-2/h1,3-5H2,2H3",0,2
233,I3C6D3-2-Z,I3C6D3-2,[CH2]/C(=C/C)CC,[CH2]/C(=C/C)CC,"AMChI=1/C6H11/c1-6(4-2)5-3/h4H,1,5H2,2-3H3/b6-4-","InChI=1S/C6H11/c1-4-6(3)5-2/h4H,3,5H2,1-2H3",0,2
234,I3C6D3-2-E,I3C6D3-2,[CH2]/C(=C\C)CC,[CH2]/C(=C\C)CC,"AMChI=1/C6H11/c1-6(4-2)5-3/h4H,1,5H2,2-3H3/b6-4+","InChI=1S/C6H11/c1-4-6(3)5-2/h4H,3,5H2,1-2H3",0,2
235,IC6D1-1A,IC6D1-1A,CCCC(=C)[CH2],[CH2]C(=C)CCC,"InChI=1S/C6H11/c1-4-5-6(2)3/h2-5H2,1H3","InChI=1S/C6H11/c1-4-5-6(2)3/h2-5H2,1H3",0,2
236,IC6D1-3-Z,IC6D1-3,[CH2]/C(C)=C/CC,[CH2]/C(C)=C/CC,"AMChI=1/C6H11/c1-6(3)4-5-2/h4H,1,5H2,2-3H3/b6-4-","InChI=1S/C6H11/c1-4-5-6(2)3/h5H,2,4H2,1,3H3",0,2
237,IC6D1-3-E,IC6D1-3,[CH2]/C(C)=C\CC,[CH2]/C(C)=C\CC,"AMChI=1/C6H11/c1-6(3)4-5-2/h4H,1,5H2,2-3H3/b6-4+","InChI=1S/C6H11/c1-4-5-6(2)3/h5H,2,4H2,1,3H3",0,2
238,IC6D1-4,IC6D1-4,C[CH]CC(=C)C,C=C(C)C[CH]C,"InChI=1S/C6H11/c1-4-5-6(2)3/h4H,2,5H2,1,3H3","InChI=1S/C6H11/c1-4-5-6(2)3/h4H,2,5H2,1,3H3",0,2
239,IC6D1-5,IC6D1-5,[CH2]CCC(=C)C,[CH2]CCC(=C)C,"InChI=1S/C6H11/c1-4-5-6(2)3/h1-2,4-5H2,3H3","InChI=1S/C6H11/c1-4-5-6(2)3/h1-2,4-5H2,3H3",0,2
240,IC6D2-5,IC6D2-5,[CH2]CC=C(C)C,[CH2]CC=C(C)C,"InChI=1S/C6H11/c1-4-5-6(2)3/h5H,1,4H2,2-3H3","InChI=1S/C6H11/c1-4-5-6(2)3/h5H,1,4H2,2-3H3",0,2
241,IC6D3-1-ZA0,IC6D3-1,C/C=C\[C@@H]([CH2])C,[CH2][C@@H](C)/C=C\C,"InChI=1S/C6H11/c1-4-5-6(2)3/h4-6H,2H2,1,3H3/b5-4-/t6-/m0/s1","InChI=1S/C6H11/c1-4-5-6(2)3/h4-6H,2H2,1,3H3",0,2
242,IC6D3-1-EA0,IC6D3-1,C/C=C/[C@@H]([CH2])C,[CH2][C@@H](C)/C=C/C,"InChI=1S/C6H11/c1-4-5-6(2)3/h4-6H,2H2,1,3H3/b5-4+/t6-/m0/s1","InChI=1S/C6H11/c1-4-5-6(2)3/h4-6H,2H2,1,3H3",0,2
243,IC6D3-1-ZA1,IC6D3-1,C/C=C\[C@H]([CH2])C,[CH2][C@H](C)/C=C\C,"InChI=1S/C6H11/c1-4-5-6(2)3/h4-6H,2H2,1,3H3/b5-4-/t6-/m1/s1","InChI=1S/C6H11/c1-4-5-6(2)3/h4-6H,2H2,1,3H3",0,2
244,IC6D3-1-EA1,IC6D3-1,C/C=C/[C@H]([CH2])C,[CH2][C@H](C)/C=C/C,"InChI=1S/C6H11/c1-4-5-6(2)3/h4-6H,2H2,1,3H3/b5-4+/t6-/m1/s1","InChI=1S/C6H11/c1-4-5-6(2)3/h4-6H,2H2,1,3H3",0,2
245,IC6D3-2-Z,IC6D3-2,C/C=C\[C](C)C,C/C=C\[C](C)C,"AMChI=1/C6H11/c1-4-5-6(2)3/h4-5H,1-3H3/b5-4-","InChI=1S/C6H11/c1-4-5-6(2)3/h4-5H,1-3H3",0,2
246,IC6D3-2-E,IC6D3-2,C/C=C/[C](C)C,C/C=C/[C](C)C,"AMChI=1/C6H11/c1-4-5-6(2)3/h4-5H,1-3H3/b5-4+","InChI=1S/C6H11/c1-4-5-6(2)3/h4-5H,1-3H3",0,2
247,IC6D4-1-A0,IC6D4-1,C=CC[C@@H]([CH2])C,C=CC[C@@H]([CH2])C,"InChI=1S/C6H11/c1-4-5-6(2)3/h4,6H,1-2,5H2,3H3/t6-/m0/s1","InChI=1S/C6H11/c1-4-5-6(2)3/h4,6H,1-2,5H2,3H3",0,2
248,IC6D4-1-A1,IC6D4-1,C=CC[C@H]([CH2])C,C=CC[C@H]([CH2])C,"InChI=1S/C6H11/c1-4-5-6(2)3/h4,6H,1-2,5H2,3H3/t6-/m1/s1","InChI=1S/C6H11/c1-4-5-6(2)3/h4,6H,1-2,5H2,3H3",0,2
249,IC6D4-2,IC6D4-2,C=CC[C](C)C,C=CC[C](C)C,"InChI=1S/C6H11/c1-4-5-6(2)3/h4H,1,5H2,2-3H3","InChI=1S/C6H11/c1-4-5-6(2)3/h4H,1,5H2,2-3H3",0,2
250,IC6D4-3-Z,IC6D4-3,[CH2]/C=C\C(C)C,[CH2]/C=C\C(C)C,"AMChI=1/C6H11/c1-4-5-6(2)3/h4-6H,1H2,2-3H3/b5-4-","InChI=1S/C6H11/c1-4-5-6(2)3/h4-6H,1H2,2-3H3",0,2
251,IC6D4-3-E,IC6D4-3,[CH2]/C=C/C(C)C,[CH2]/C=C/C(C)C,"AMChI=1/C6H11/c1-4-5-6(2)3/h4-6H,1H2,2-3H3/b5-4+","InChI=1S/C6H11/c1-4-5-6(2)3/h4-6H,1H2,2-3H3",0,2
252,NEC6D3-1,NEC6D3-1,C=CC([CH2])(C)C,C=CC([CH2])(C)C,"InChI=1S/C6H11/c1-5-6(2,3)4/h5H,1-2H2,3-4H3","InChI=1S/C6H11/c1-5-6(2,3)4/h5H,1-2H2,3-4H3",0,2
253,XC6D1-1A,XC6D1-1A,[CH2]C(=C)C(C)C,[CH2]C(=C)C(C)C,"InChI=1S/C6H11/c1-5(2)6(3)4/h6H,1-2H2,3-4H3","InChI=1S/C6H11/c1-5(2)6(3)4/h6H,1-2H2,3-4H3",0,2
254,XC6D1-3,XC6D1-3,[CH2]C(C)=C(C)C,[CH2]C(C)=C(C)C,"InChI=1S/C6H11/c1-5(2)6(3)4/h1H2,2-4H3","InChI=1S/C6H11/c1-5(2)6(3)4/h1H2,2-4H3",0,2
255,XC6D1-4-A0,XC6D1-4,[CH2][C@@H](C)C(=C)C,C=C(C)[C@@H]([CH2])C,"InChI=1S/C6H11/c1-5(2)6(3)4/h5H,1,3H2,2,4H3/t5-/m0/s1","InChI=1S/C6H11/c1-5(2)6(3)4/h5H,1,3H2,2,4H3",0,2
256,XC6D1-4-A1,XC6D1-4,[CH2][C@H](C)C(=C)C,C=C(C)[C@H]([CH2])C,"InChI=1S/C6H11/c1-5(2)6(3)4/h5H,1,3H2,2,4H3/t5-/m1/s1","InChI=1S/C6H11/c1-5(2)6(3)4/h5H,1,3H2,2,4H3",0,2
257,C6H12-1,C6H12-1,C=CCCCC,C=CCCCC,"InChI=1S/C6H12/c1-3-5-6-4-2/h3H,1,4-6H2,2H3","InChI=1S/C6H12/c1-3-5-6-4-2/h3H,1,4-6H2,2H3",0,1
258,C6H12-2-Z,C6H12-2,C/C=C\CCC,C/C=C\CCC,"InChI=1S/C6H12/c1-3-5-6-4-2/h3,5H,4,6H2,1-2H3/b5-3-","InChI=1S/C6H12/c1-3-5-6-4-2/h3,5H,4,6H2,1-2H3",0,1
259,C6H12-2-E,C6H12-2,C/C=C/CCC,C/C=C/CCC,"InChI=1S/C6H12/c1-3-5-6-4-2/h3,5H,4,6H2,1-2H3/b5-3+","InChI=1S/C6H12/c1-3-5-6-4-2/h3,5H,4,6H2,1-2H3",0,1
260,C6H12-3-Z,C6H12-3,CC/C=C\CC,CC/C=C\CC,"InChI=1S/C6H12/c1-3-5-6-4-2/h5-6H,3-4H2,1-2H3/b6-5-","InChI=1S/C6H12/c1-3-5-6-4-2/h5-6H,3-4H2,1-2H3",0,1
261,C6H12-3-E,C6H12-3,CC/C=C/CC,CC/C=C/CC,"InChI=1S/C6H12/c1-3-5-6-4-2/h5-6H,3-4H2,1-2H3/b6-5+","InChI=1S/C6H12/c1-3-5-6-4-2/h5-6H,3-4H2,1-2H3",0,1
262,I3C6D1-A0,I3C6D1,C=C[C@H](C)CC,C=C[C@H](C)CC,"InChI=1S/C6H12/c1-4-6(3)5-2/h4,6H,1,5H2,2-3H3/t6-/m0/s1","InChI=1S/C6H12/c1-4-6(3)5-2/h4,6H,1,5H2,2-3H3",0,1
263,I3C6D1-A1,I3C6D1,C=C[C@@H](C)CC,C=C[C@@H](C)CC,"InChI=1S/C6H12/c1-4-6(3)5-2/h4,6H,1,5H2,2-3H3/t6-/m1/s1","InChI=1S/C6H12/c1-4-6(3)5-2/h4,6H,1,5H2,2-3H3",0,1
264,I3C6D2-Z,I3C6D2,C/C=C(C)\CC,C/C=C(C)\CC,"InChI=1S/C6H12/c1-4-6(3)5-2/h4H,5H2,1-3H3/b6-4-","InChI=1S/C6H12/c1-4-6(3)5-2/h4H,5H2,1-3H3",0,1
265,I3C6D2-E,I3C6D2,C/C=C(C)/CC,C/C=C(C)/CC,"InChI=1S/C6H12/c1-4-6(3)5-2/h4H,5H2,1-3H3/b6-4+","InChI=1S/C6H12/c1-4-6(3)5-2/h4H,5H2,1-3H3",0,1
266,I3C6D3,I3C6D3,CCC(=C)CC,C=C(CC)CC,"InChI=1S/C6H12/c1-4-6(3)5-2/h3-5H2,1-2H3","InChI=1S/C6H12/c1-4-6(3)5-2/h3-5H2,1-2H3",0,1
267,IC6D1,IC6D1,CCCC(=C)C,C=C(C)CCC,"InChI=1S/C6H12/c1-4-5-6(2)3/h2,4-5H2,1,3H3","InChI=1S/C6H12/c1-4-5-6(2)3/h2,4-5H2,1,3H3",0,1
268,IC6D2,IC6D2,CCC=C(C)C,CCC=C(C)C,"InChI=1S/C6H12/c1-4-5-6(2)3/h5H,4H2,1-3H3","InChI=1S/C6H12/c1-4-5-6(2)3/h5H,4H2,1-3H3",0,1
269,IC6D3-Z,IC6D3,C/C=C\C(C)C,C/C=C\C(C)C,"InChI=1S/C6H12/c1-4-5-6(2)3/h4-6H,1-3H3/b5-4-","InChI=1S/C6H12/c1-4-5-6(2)3/h4-6H,1-3H3",0,1
270,IC6D3-E,IC6D3,C/C=C/C(C)C,C/C=C/C(C)C,"InChI=1S/C6H12/c1-4-5-6(2)3/h4-6H,1-3H3/b5-4+","InChI=1S/C6H12/c1-4-5-6(2)3/h4-6H,1-3H3",0,1
271,IC6D4,IC6D4,C=CCC(C)C,C=CCC(C)C,"InChI=1S/C6H12/c1-4-5-6(2)3/h4,6H,1,5H2,2-3H3","InChI=1S/C6H12/c1-4-5-6(2)3/h4,6H,1,5H2,2-3H3",0,1
272,NEC6D3,NEC6D3,C=CC(C)(C)C,C=CC(C)(C)C,"InChI=1S/C6H12/c1-5-6(2,3)4/h5H,1H2,2-4H3","InChI=1S/C6H12/c1-5-6(2,3)4/h5H,1H2,2-4H3",0,1
273,XC6D1,XC6D1,C=C(C)C(C)C,C=C(C)C(C)C,"InChI=1S/C6H12/c1-5(2)6(3)4/h6H,1H2,2-4H3","InChI=1S/C6H12/c1-5(2)6(3)4/h6H,1H2,2-4H3",0,1
274,XC6D2,XC6D2,CC(C)=C(C)C,CC(C)=C(C)C,InChI=1S/C6H12/c1-5(2)6(3)4/h1-4H3,InChI=1S/C6H12/c1-5(2)6(3)4/h1-4H3,0,1
275,C6H13-1,C6H13-1,[CH2]CCCCC,[CH2]CCCCC,"InChI=1S/C6H13/c1-3-5-6-4-2/h1,3-6H2,2H3","InChI=1S/C6H13/c1-3-5-6-4-2/h1,3-6H2,2H3",0,2
276,C6H13-2,C6H13-2,C[CH]CCCC,C[CH]CCCC,"InChI=1S/C6H13/c1-3-5-6-4-2/h3H,4-6H2,1-2H3","InChI=1S/C6H13/c1-3-5-6-4-2/h3H,4-6H2,1-2H3",0,2
277,C6H13-3,C6H13-3,CC[CH]CCC,CC[CH]CCC,"InChI=1S/C6H13/c1-3-5-6-4-2/h5H,3-4,6H2,1-2H3","InChI=1S/C6H13/c1-3-5-6-4-2/h5H,3-4,6H2,1-2H3",0,2
278,I3C6-1-A0,I3C6-1,[CH2]C[C@H](C)CC,[CH2]C[C@H](C)CC,"InChI=1S/C6H13/c1-4-6(3)5-2/h6H,1,4-5H2,2-3H3/t6-/m0/s1","InChI=1S/C6H13/c1-4-6(3)5-2/h6H,1,4-5H2,2-3H3",0,2
279,I3C6-1-A1,I3C6-1,[CH2]C[C@@H](C)CC,[CH2]C[C@@H](C)CC,"InChI=1S/C6H13/c1-4-6(3)5-2/h6H,1,4-5H2,2-3H3/t6-/m1/s1","InChI=1S/C6H13/c1-4-6(3)5-2/h6H,1,4-5H2,2-3H3",0,2
280,I3C6-2-A0,I3C6-2,C[CH][C@H](C)CC,C[CH][C@H](C)CC,"InChI=1S/C6H13/c1-4-6(3)5-2/h4,6H,5H2,1-3H3/t6-/m0/s1","InChI=1S/C6H13/c1-4-6(3)5-2/h4,6H,5H2,1-3H3",0,2
281,I3C6-2-A1,I3C6-2,C[CH][C@@H](C)CC,C[CH][C@@H](C)CC,"InChI=1S/C6H13/c1-4-6(3)5-2/h4,6H,5H2,1-3H3/t6-/m1/s1","InChI=1S/C6H13/c1-4-6(3)5-2/h4,6H,5H2,1-3H3",0,2
282,I3C6-3,I3C6-3,CC[C](C)CC,CC[C](C)CC,"InChI=1S/C6H13/c1-4-6(3)5-2/h4-5H2,1-3H3","InChI=1S/C6H13/c1-4-6(3)5-2/h4-5H2,1-3H3",0,2
283,I3C6-4,I3C6-4,CCC([CH2])CC,[CH2]C(CC)CC,"InChI=1S/C6H13/c1-4-6(3)5-2/h6H,3-5H2,1-2H3","InChI=1S/C6H13/c1-4-6(3)5-2/h6H,3-5H2,1-2H3",0,2
284,IC6-1-A0,IC6-1,CCC[C@@H]([CH2])C,[CH2][C@@H](C)CCC,"InChI=1S/C6H13/c1-4-5-6(2)3/h6H,2,4-5H2,1,3H3/t6-/m0/s1","InChI=1S/C6H13/c1-4-5-6(2)3/h6H,2,4-5H2,1,3H3",0,2
285,IC6-1-A1,IC6-1,CCC[C@H]([CH2])C,[CH2][C@H](C)CCC,"InChI=1S/C6H13/c1-4-5-6(2)3/h6H,2,4-5H2,1,3H3/t6-/m1/s1","InChI=1S/C6H13/c1-4-5-6(2)3/h6H,2,4-5H2,1,3H3",0,2
286,IC6-2,IC6-2,CCC[C](C)C,CCC[C](C)C,"InChI=1S/C6H13/c1-4-5-6(2)3/h4-5H2,1-3H3","InChI=1S/C6H13/c1-4-5-6(2)3/h4-5H2,1-3H3",0,2
287,IC6-3,IC6-3,CC[CH]C(C)C,CC[CH]C(C)C,"InChI=1S/C6H13/c1-4-5-6(2)3/h5-6H,4H2,1-3H3","InChI=1S/C6H13/c1-4-5-6(2)3/h5-6H,4H2,1-3H3",0,2
288,IC6-4,IC6-4,C[CH]CC(C)C,C[CH]CC(C)C,"InChI=1S/C6H13/c1-4-5-6(2)3/h4,6H,5H2,1-3H3","InChI=1S/C6H13/c1-4-5-6(2)3/h4,6H,5H2,1-3H3",0,2
289,IC6-5,IC6-5,[CH2]CCC(C)C,[CH2]CCC(C)C,"InChI=1S/C6H13/c1-4-5-6(2)3/h6H,1,4-5H2,2-3H3","InChI=1S/C6H13/c1-4-5-6(2)3/h6H,1,4-5H2,2-3H3",0,2
290,NEC6-1,NEC6-1,CCC([CH2])(C)C,[CH2]C(C)(C)CC,"InChI=1S/C6H13/c1-5-6(2,3)4/h2,5H2,1,3-4H3","InChI=1S/C6H13/c1-5-6(2,3)4/h2,5H2,1,3-4H3",0,2
291,NEC6-3,NEC6-3,C[CH]C(C)(C)C,C[CH]C(C)(C)C,"InChI=1S/C6H13/c1-5-6(2,3)4/h5H,1-4H3","InChI=1S/C6H13/c1-5-6(2,3)4/h5H,1-4H3",0,2
292,NEC6-4,NEC6-4,[CH2]CC(C)(C)C,[CH2]CC(C)(C)C,"InChI=1S/C6H13/c1-5-6(2,3)4/h1,5H2,2-4H3","InChI=1S/C6H13/c1-5-6(2,3)4/h1,5H2,2-4H3",0,2
293,XC6-1-A0,XC6-1,[CH2][C@@H](C)C(C)C,[CH2][C@@H](C)C(C)C,"InChI=1S/C6H13/c1-5(2)6(3)4/h5-6H,1H2,2-4H3/t5-/m0/s1","InChI=1S/C6H13/c1-5(2)6(3)4/h5-6H,1H2,2-4H3",0,2
294,XC6-1-A1,XC6-1,[CH2][C@H](C)C(C)C,[CH2][C@H](C)C(C)C,"InChI=1S/C6H13/c1-5(2)6(3)4/h5-6H,1H2,2-4H3/t5-/m1/s1","InChI=1S/C6H13/c1-5(2)6(3)4/h5-6H,1H2,2-4H3",0,2
295,XC6-2,XC6-2,CC(C)[C](C)C,C[C](C)C(C)C,"InChI=1S/C6H13/c1-5(2)6(3)4/h5H,1-4H3","InChI=1S/C6H13/c1-5(2)6(3)4/h5H,1-4H3",0,2
296,I3C6,I3C6,CCC(C)CC,CCC(C)CC,"InChI=1S/C6H14/c1-4-6(3)5-2/h6H,4-5H2,1-3H3","InChI=1S/C6H14/c1-4-6(3)5-2/h6H,4-5H2,1-3H3",0,1
297,IC6,IC6,CCCC(C)C,CCCC(C)C,"InChI=1S/C6H14/c1-4-5-6(2)3/h6H,4-5H2,1-3H3","InChI=1S/C6H14/c1-4-5-6(2)3/h6H,4-5H2,1-3H3",0,1
298,NC6H14,NC6H14,CCCCCC,CCCCCC,"InChI=1S/C6H14/c1-3-5-6-4-2/h3-6H2,1-2H3","InChI=1S/C6H14/c1-3-5-6-4-2/h3-6H2,1-2H3",0,1
299,NEC6,NEC6,CCC(C)(C)C,CCC(C)(C)C,"InChI=1S/C6H14/c1-5-6(2,3)4/h5H2,1-4H3","InChI=1S/C6H14/c1-5-6(2,3)4/h5H2,1-4H3",0,1
300,XC6,XC6,CC(C)C(C)C,CC(C)C(C)C,"InChI=1S/C6H14/c1-5(2)6(3)4/h5-6H,1-4H3","InChI=1S/C6H14/c1-5(2)6(3)4/h5-6H,1-4H3",0,1
301,C7H5,C7H5,C#CC1[CH]C=CC=1,C#CC1[CH]C=CC=1,"InChI=1S/C7H5/c1-2-7-5-3-4-6-7/h1,3-6H","InChI=1S/C7H5/c1-2-7-5-3-4-6-7/h1,3-6H",0,2
302,C7H6,C7H6,C=C=C1C=CC=C1,C=C=C1C=CC=C1,"InChI=1S/C7H6/c1-2-7-5-3-4-6-7/h3-6H,1H2","InChI=1S/C7H6/c1-2-7-5-3-4-6-7/h3-6H,1H2",0,1
303,C6H4CH3,C6H4CH3,CC1C=[C]C=CC=1,CC1C=CC=[C]C=1,"InChI=1S/C7H7/c1-7-5-3-2-4-6-7/h2-3,5-6H,1H3","InChI=1S/C7H7/c1-7-5-3-2-4-6-7/h2-3,5-6H,1H3",0,2
304,C6H5CH2,C6H5CH2,[CH2]C1C=CC=CC=1,[CH2]C1C=CC=CC=1,"InChI=1S/C7H7/c1-7-5-3-2-4-6-7/h2-6H,1H2","InChI=1S/C7H7/c1-7-5-3-2-4-6-7/h2-6H,1H2",0,2
305,C6H5CH3,C6H5CH3,CC1C=CC=CC=1,CC1C=CC=CC=1,"InChI=1S/C7H8/c1-7-5-3-2-4-6-7/h2-6H,1H3","InChI=1S/C7H8/c1-7-5-3-2-4-6-7/h2-6H,1H3",0,1
306,H15DE2M-T,H15DE2M-T,C=[C]CCC(=C)C,C=[C]CCC(=C)C,"InChI=1S/C7H11/c1-4-5-6-7(2)3/h1-2,5-6H2,3H3","InChI=1S/C7H11/c1-4-5-6-7(2)3/h1-2,5-6H2,3H3",0,2
307,C7H131-3-Z,C7H131-3,[CH2]/C=C\CCCC,[CH2]/C=C\CCCC,"AMChI=1/C7H13/c1-3-4-6-7-5-2/h3-4H,1,5-7H2,2H3/b4-3-","InChI=1S/C7H13/c1-3-5-7-6-4-2/h3,5H,1,4,6-7H2,2H3",0,2
308,C7H131-3-E,C7H131-3,[CH2]/C=C/CCCC,[CH2]/C=C/CCCC,"AMChI=1/C7H13/c1-3-4-6-7-5-2/h3-4H,1,5-7H2,2H3/b4-3+","InChI=1S/C7H13/c1-3-5-7-6-4-2/h3,5H,1,4,6-7H2,2H3",0,2
309,C7H131-4,C7H131-4,C=CC[CH]CCC,C=CC[CH]CCC,"InChI=1S/C7H13/c1-3-5-7-6-4-2/h3,7H,1,4-6H2,2H3","InChI=1S/C7H13/c1-3-5-7-6-4-2/h3,7H,1,4-6H2,2H3",0,2
310,C7H131-5,C7H131-5,C=CCC[CH]CC,C=CCC[CH]CC,"InChI=1S/C7H13/c1-3-5-7-6-4-2/h3,6H,1,4-5,7H2,2H3","InChI=1S/C7H13/c1-3-5-7-6-4-2/h3,6H,1,4-5,7H2,2H3",0,2
311,C7H131-6,C7H131-6,C=CCCC[CH]C,C=CCCC[CH]C,"InChI=1S/C7H13/c1-3-5-7-6-4-2/h3-4H,1,5-7H2,2H3","InChI=1S/C7H13/c1-3-5-7-6-4-2/h3-4H,1,5-7H2,2H3",0,2
312,C7H131-7,C7H131-7,C=CCCCC[CH2],C=CCCCC[CH2],"InChI=1S/C7H13/c1-3-5-7-6-4-2/h3H,1-2,4-7H2","InChI=1S/C7H13/c1-3-5-7-6-4-2/h3H,1-2,4-7H2",0,2
313,C7H132-4-ZZ,C7H132-4,C/[CH]/C=\C\CCC,C[CH]/C=C\CCC,"AMChI=1/C7H13/c1-3-4-5-7-6-2/h3-5H,6-7H2,1-2H3/b4-3-,5-4-","InChI=1S/C7H13/c1-3-5-7-6-4-2/h3,5,7H,4,6H2,1-2H3",0,2
314,C7H132-4-ZE,C7H132-4,C/[CH]/C=\C/CCC,C[CH]/C=C/CCC,"AMChI=1/C7H13/c1-3-4-5-7-6-2/h3-5H,6-7H2,1-2H3/b4-3-,5-4+","InChI=1S/C7H13/c1-3-5-7-6-4-2/h3,5,7H,4,6H2,1-2H3",0,2
315,C7H132-4-EZ,C7H132-4,C/[CH]/C=/C\CCC,C[CH]/C=C\CCC,"AMChI=1/C7H13/c1-3-4-5-7-6-2/h3-5H,6-7H2,1-2H3/b4-3+,5-4-","InChI=1S/C7H13/c1-3-5-7-6-4-2/h3,5,7H,4,6H2,1-2H3",0,2
316,C7H132-4-EE,C7H132-4,C/[CH]/C=/C/CCC,C[CH]/C=C/CCC,"AMChI=1/C7H13/c1-3-4-5-7-6-2/h3-5H,6-7H2,1-2H3/b4-3+,5-4+","InChI=1S/C7H13/c1-3-5-7-6-4-2/h3,5,7H,4,6H2,1-2H3",0,2
317,C7H132-5-Z,C7H132-5,C/C=C\C[CH]CC,C/C=C\C[CH]CC,"InChI=1S/C7H13/c1-3-5-7-6-4-2/h3,5-6H,4,7H2,1-2H3/b5-3-","InChI=1S/C7H13/c1-3-5-7-6-4-2/h3,5-6H,4,7H2,1-2H3",0,2
318,C7H132-5-E,C7H132-5,C/C=C/C[CH]CC,C/C=C/C[CH]CC,"InChI=1S/C7H13/c1-3-5-7-6-4-2/h3,5-6H,4,7H2,1-2H3/b5-3+","InChI=1S/C7H13/c1-3-5-7-6-4-2/h3,5-6H,4,7H2,1-2H3",0,2
319,C7H132-6-Z,C7H132-6,C/C=C\CC[CH]C,C/C=C\CC[CH]C,"InChI=1S/C7H13/c1-3-5-7-6-4-2/h3-5H,6-7H2,1-2H3/b5-3-","InChI=1S/C7H13/c1-3-5-7-6-4-2/h3-5H,6-7H2,1-2H3",0,2
320,C7H132-6-E,C7H132-6,C/C=C/CC[CH]C,C/C=C/CC[CH]C,"InChI=1S/C7H13/c1-3-5-7-6-4-2/h3-5H,6-7H2,1-2H3/b5-3+","InChI=1S/C7H13/c1-3-5-7-6-4-2/h3-5H,6-7H2,1-2H3",0,2
321,C7H132-7-Z,C7H132-7,[CH2]CCC/C=C\C,[CH2]CCC/C=C\C,"InChI=1S/C7H13/c1-3-5-7-6-4-2/h4,6H,1,3,5,7H2,2H3/b6-4-","InChI=1S/C7H13/c1-3-5-7-6-4-2/h4,6H,1,3,5,7H2,2H3",0,2
322,C7H132-7-E,C7H132-7,[CH2]CCC/C=C/C,[CH2]CCC/C=C/C,"InChI=1S/C7H13/c1-3-5-7-6-4-2/h4,6H,1,3,5,7H2,2H3/b6-4+","InChI=1S/C7H13/c1-3-5-7-6-4-2/h4,6H,1,3,5,7H2,2H3",0,2
323,C7H133-1-Z,C7H133-1,[CH2]C/C=C\CCC,[CH2]C/C=C\CCC,"InChI=1S/C7H13/c1-3-5-7-6-4-2/h5,7H,1,3-4,6H2,2H3/b7-5-","InChI=1S/C7H13/c1-3-5-7-6-4-2/h5,7H,1,3-4,6H2,2H3",0,2
324,C7H133-1-E,C7H133-1,[CH2]C/C=C/CCC,[CH2]C/C=C/CCC,"InChI=1S/C7H13/c1-3-5-7-6-4-2/h5,7H,1,3-4,6H2,2H3/b7-5+","InChI=1S/C7H13/c1-3-5-7-6-4-2/h5,7H,1,3-4,6H2,2H3",0,2
325,C7H133-5-ZZ,C7H133-5,CC/[CH]/C=\C\CC,CC[CH]/C=C\CC,"AMChI=1/C7H13/c1-6-4-3-5-7-2/h3-5H,6-7H2,1-2H3/b4-3-,5-3-","InChI=1S/C7H13/c1-3-5-7-6-4-2/h5-7H,3-4H2,1-2H3",0,2
326,C7H133-5-ZE,C7H133-5,CC/[CH]/C=\C/CC,CC[CH]/C=C/CC,"AMChI=1/C7H13/c1-6-4-3-5-7-2/h3-5H,6-7H2,1-2H3/b4-3-,5-3+","InChI=1S/C7H13/c1-3-5-7-6-4-2/h5-7H,3-4H2,1-2H3",0,2
327,C7H133-5-EE,C7H133-5,CC/[CH]/C=/C/CC,CC[CH]/C=C/CC,"AMChI=1/C7H13/c1-6-4-3-5-7-2/h3-5H,6-7H2,1-2H3/b4-3+,5-3+","InChI=1S/C7H13/c1-3-5-7-6-4-2/h5-7H,3-4H2,1-2H3",0,2
328,C7H133-6-Z,C7H133-6,C[CH]C/C=C\CC,C[CH]C/C=C\CC,"InChI=1S/C7H13/c1-3-5-7-6-4-2/h3,6-7H,4-5H2,1-2H3/b7-6-","InChI=1S/C7H13/c1-3-5-7-6-4-2/h3,6-7H,4-5H2,1-2H3",0,2
329,C7H133-6-E,C7H133-6,C[CH]C/C=C/CC,C[CH]C/C=C/CC,"InChI=1S/C7H13/c1-3-5-7-6-4-2/h3,6-7H,4-5H2,1-2H3/b7-6+","InChI=1S/C7H13/c1-3-5-7-6-4-2/h3,6-7H,4-5H2,1-2H3",0,2
330,C7H133-7-Z,C7H133-7,[CH2]CC/C=C\CC,[CH2]CC/C=C\CC,"InChI=1S/C7H13/c1-3-5-7-6-4-2/h6-7H,1,3-5H2,2H3/b7-6-","InChI=1S/C7H13/c1-3-5-7-6-4-2/h6-7H,1,3-5H2,2H3",0,2
331,C7H133-7-E,C7H133-7,[CH2]CC/C=C/CC,[CH2]CC/C=C/CC,"InChI=1S/C7H13/c1-3-5-7-6-4-2/h6-7H,1,3-5H2,2H3/b7-6+","InChI=1S/C7H13/c1-3-5-7-6-4-2/h6-7H,1,3-5H2,2H3",0,2
332,C7H14-1,C7H14-1,C=CCCCCC,C=CCCCCC,"InChI=1S/C7H14/c1-3-5-7-6-4-2/h3H,1,4-7H2,2H3","InChI=1S/C7H14/c1-3-5-7-6-4-2/h3H,1,4-7H2,2H3",0,1
333,C7H14-2-Z,C7H14-2,C/C=C\CCCC,C/C=C\CCCC,"InChI=1S/C7H14/c1-3-5-7-6-4-2/h3,5H,4,6-7H2,1-2H3/b5-3-","InChI=1S/C7H14/c1-3-5-7-6-4-2/h3,5H,4,6-7H2,1-2H3",0,1
334,C7H14-2-E,C7H14-2,C/C=C/CCCC,C/C=C/CCCC,"InChI=1S/C7H14/c1-3-5-7-6-4-2/h3,5H,4,6-7H2,1-2H3/b5-3+","InChI=1S/C7H14/c1-3-5-7-6-4-2/h3,5H,4,6-7H2,1-2H3",0,1
335,C7H14-3-Z,C7H14-3,CC/C=C\CCC,CC/C=C\CCC,"InChI=1S/C7H14/c1-3-5-7-6-4-2/h5,7H,3-4,6H2,1-2H3/b7-5-","InChI=1S/C7H14/c1-3-5-7-6-4-2/h5,7H,3-4,6H2,1-2H3",0,1
336,C7H14-3-E,C7H14-3,CC/C=C/CCC,CC/C=C/CCC,"InChI=1S/C7H14/c1-3-5-7-6-4-2/h5,7H,3-4,6H2,1-2H3/b7-5+","InChI=1S/C7H14/c1-3-5-7-6-4-2/h5,7H,3-4,6H2,1-2H3",0,1
337,C7H15-1,C7H15-1,[CH2]CCCCCC,[CH2]CCCCCC,"InChI=1S/C7H15/c1-3-5-7-6-4-2/h1,3-7H2,2H3","InChI=1S/C7H15/c1-3-5-7-6-4-2/h1,3-7H2,2H3",0,2
338,C7H15-2,C7H15-2,C[CH]CCCCC,C[CH]CCCCC,"InChI=1S/C7H15/c1-3-5-7-6-4-2/h3H,4-7H2,1-2H3","InChI=1S/C7H15/c1-3-5-7-6-4-2/h3H,4-7H2,1-2H3",0,2
339,C7H15-3,C7H15-3,CC[CH]CCCC,CC[CH]CCCC,"InChI=1S/C7H15/c1-3-5-7-6-4-2/h5H,3-4,6-7H2,1-2H3","InChI=1S/C7H15/c1-3-5-7-6-4-2/h5H,3-4,6-7H2,1-2H3",0,2
340,C7H15-4,C7H15-4,CCC[CH]CCC,CCC[CH]CCC,"InChI=1S/C7H15/c1-3-5-7-6-4-2/h7H,3-6H2,1-2H3","InChI=1S/C7H15/c1-3-5-7-6-4-2/h7H,3-6H2,1-2H3",0,2
341,NC7H16,NC7H16,CCCCCCC,CCCCCCC,"InChI=1S/C7H16/c1-3-5-7-6-4-2/h3-7H2,1-2H3","InChI=1S/C7H16/c1-3-5-7-6-4-2/h3-7H2,1-2H3",0,1
342,C6H5CCH2,C6H5CCH2,C=C=C1C=CC=C[CH]1,C=C=C1C=CC=C[CH]1,"InChI=1S/C8H7/c1-2-8-6-4-3-5-7-8/h3-7H,1H2","InChI=1S/C8H7/c1-2-8-6-4-3-5-7-8/h3-7H,1H2",0,2
343,C6H5CHCH-Z,C6H5CHCH,[H]/[C]=C\C1C=CC=CC=1,[H]/[C]=C\C1C=CC=CC=1,AMChI=1/C8H7/c1-2-8-6-4-3-5-7-8/h1-7H/b2-1-,InChI=1S/C8H7/c1-2-8-6-4-3-5-7-8/h1-7H,0,2
344,C6H5CHCH-E,C6H5CHCH,[H]/[C]=C/C1C=CC=CC=1,[H]/[C]=C/C1C=CC=CC=1,AMChI=1/C8H7/c1-2-8-6-4-3-5-7-8/h1-7H/b2-1+,InChI=1S/C8H7/c1-2-8-6-4-3-5-7-8/h1-7H,0,2
345,C6H5C2H3,C6H5C2H3,C=CC1C=CC=CC=1,C=CC1C=CC=CC=1,"InChI=1S/C8H8/c1-2-8-6-4-3-5-7-8/h2-7H,1H2","InChI=1S/C8H8/c1-2-8-6-4-3-5-7-8/h2-7H,1H2",0,1
346,C6H5CH2CH2,C6H5CH2CH2,[CH2]CC1C=CC=CC=1,[CH2]CC1C=CC=CC=1,"InChI=1S/C8H9/c1-2-8-6-4-3-5-7-8/h3-7H,1-2H2","InChI=1S/C8H9/c1-2-8-6-4-3-5-7-8/h3-7H,1-2H2",0,2
347,C6H5CHCH3,C6H5CHCH3,CC=C1C=CC=C[CH]1,CC=C1C=CC=C[CH]1,"InChI=1S/C8H9/c1-2-8-6-4-3-5-7-8/h2-7H,1H3","InChI=1S/C8H9/c1-2-8-6-4-3-5-7-8/h2-7H,1H3",0,2
348,C6H5C2H5,C6H5C2H5,CCC1C=CC=CC=1,CCC1C=CC=CC=1,"InChI=1S/C8H10/c1-2-8-6-4-3-5-7-8/h3-7H,2H2,1H3","InChI=1S/C8H10/c1-2-8-6-4-3-5-7-8/h3-7H,2H2,1H3",0,1
349,H15DE25DM-S-Z,H15DE25DM-S,[CH2]/C(C)=C/CC(=C)C,[CH2]/C(C)=C/CC(=C)C,"AMChI=1/C8H13/c1-7(3)5-6-8(2)4/h5H,1-2,6H2,3-4H3/b7-5-","InChI=1S/C8H13/c1-7(2)5-6-8(3)4/h5H,1,3,6H2,2,4H3",0,2
350,H15DE25DM-S-E,H15DE25DM-S,[CH2]/C(C)=C\CC(=C)C,[CH2]/C(C)=C\CC(=C)C,"AMChI=1/C8H13/c1-7(3)5-6-8(2)4/h5H,1-2,6H2,3-4H3/b7-5+","InChI=1S/C8H13/c1-7(2)5-6-8(3)4/h5H,1,3,6H2,2,4H3",0,2
351,H15DE25DM-A,H15DE25DM-A,[CH2]C(=C)CCC(=C)C,[CH2]C(=C)CCC(=C)C,"InChI=1S/C8H13/c1-7(2)5-6-8(3)4/h1-3,5-6H2,4H3","InChI=1S/C8H13/c1-7(2)5-6-8(3)4/h1-3,5-6H2,4H3",0,2
352,H15DE25DM,H15DE25DM,C=C(C)CCC(=C)C,C=C(C)CCC(=C)C,"InChI=1S/C8H14/c1-7(2)5-6-8(3)4/h1,3,5-6H2,2,4H3","InChI=1S/C8H14/c1-7(2)5-6-8(3)4/h1,3,5-6H2,2,4H3",0,1
353,C8H16-3-Z,C8H16-3,CC/C=C\CCCC,CC/C=C\CCCC,"InChI=1S/C8H16/c1-3-5-7-8-6-4-2/h5,7H,3-4,6,8H2,1-2H3/b7-5-","InChI=1S/C8H16/c1-3-5-7-8-6-4-2/h5,7H,3-4,6,8H2,1-2H3",0,1
354,C8H16-3-E,C8H16-3,CC/C=C/CCCC,CC/C=C/CCCC,"InChI=1S/C8H16/c1-3-5-7-8-6-4-2/h5,7H,3-4,6,8H2,1-2H3/b7-5+","InChI=1S/C8H16/c1-3-5-7-8-6-4-2/h5,7H,3-4,6,8H2,1-2H3",0,1
355,C9H7,C9H7,[CH]1C=C2C(C=C1)=CC=C2,[CH]1C=C2C(C=C1)=CC=C2,InChI=1S/C9H7/c1-2-5-9-7-3-6-8(9)4-1/h1-7H,InChI=1S/C9H7/c1-2-5-9-7-3-6-8(9)4-1/h1-7H,0,2
356,IND,IND,C1=CC2=C(C=C1)CC=C2,C1C=C2C(=CC=1)CC=C2,"InChI=1S/C9H8/c1-2-5-9-7-3-6-8(9)4-1/h1-6H,7H2","InChI=1S/C9H8/c1-2-5-9-7-3-6-8(9)4-1/h1-6H,7H2",0,1
357,NAPH-,NAPH-,C1=CC2C(C=C1)=[C]C=CC=2,[C]1C2C(C=CC=1)=CC=CC=2,InChI=1S/C10H7/c1-2-6-10-8-4-3-7-9(10)5-1/h1-7H,InChI=1S/C10H7/c1-2-6-10-8-4-3-7-9(10)5-1/h1-7H,0,2
358,NAPHV,NAPHV,C1=CC2=C(C=C1)C=C=C[CH]2,C1=CC2C([CH]C=1)=CC=CC=2,"InChI=1S/C10H7/c1-2-6-10-8-4-3-7-9(10)5-1/h1-3,5-8H","InChI=1S/C10H7/c1-2-6-10-8-4-3-7-9(10)5-1/h1-3,5-8H",0,2
359,NAPH,NAPH,C1=CC2C(C=C1)=CC=CC=2,C1C=C2C(=CC=1)C=CC=C2,InChI=1S/C10H8/c1-2-6-10-8-4-3-7-9(10)5-1/h1-8H,InChI=1S/C10H8/c1-2-6-10-8-4-3-7-9(10)5-1/h1-8H,0,1
360,C10H9,C10H9,C1=CC2=C(C=C1)[CH]CC=C2,C1=C[C]2C(C=C1)=CCC=C2,"InChI=1S/C10H9/c1-2-6-10-8-4-3-7-9(10)5-1/h1-3,5-8H,4H2","InChI=1S/C10H9/c1-2-6-10-8-4-3-7-9(10)5-1/h1-3,5-8H,4H2",0,2
361,C10H10,C10H10,C1=CC2=C(C=C1)CCC=C2,C1=CC2=C(C=C1)CCC=C2,"InChI=1S/C10H10/c1-2-6-10-8-4-3-7-9(10)5-1/h1-3,5-7H,4,8H2","InChI=1S/C10H10/c1-2-6-10-8-4-3-7-9(10)5-1/h1-3,5-7H,4,8H2",0,1
362,C14H11,C14H11,C1=CC=C(C=C1)C=C=C2C=CC=C[CH]2,C(=CC1=CC=CC=C1)=C2[CH]C=CC=C2,InChI=1S/C14H11/c1-3-7-13(8-4-1)11-12-14-9-5-2-6-10-14/h1-11H,InChI=1S/C14H11/c1-3-7-13(8-4-1)11-12-14-9-5-2-6-10-14/h1-11H,0,2
363,C14H11,C14H11,C1=CC=C(C=C1)C=C=C2C=CC=C[CH]2,C(=CC1=CC=CC=C1)=C2[CH]C=CC=C2,InChI=1S/C14H11/c1-3-7-13(8-4-1)11-12-14-9-5-2-6-10-14/h1-11H,InChI=1S/C14H11/c1-3-7-13(8-4-1)11-12-14-9-5-2-6-10-14/h1-11H,0,2
364,C14H12-Z,C14H12,C1=CC=C(C=C1)/C=C\C2C=CC=CC=2,C1=CC=C(C=C1)/C=C\C2C=CC=CC=2,InChI=1S/C14H12/c1-3-7-13(8-4-1)11-12-14-9-5-2-6-10-14/h1-12H/b12-11-,InChI=1S/C14H12/c1-3-7-13(8-4-1)11-12-14-9-5-2-6-10-14/h1-12H,0,1
365,C14H12-E,C14H12,C1=CC=C(C=C1)/C=C/C2C=CC=CC=2,C1=CC=C(C=C1)/C=C/C2C=CC=CC=2,InChI=1S/C14H12/c1-3-7-13(8-4-1)11-12-14-9-5-2-6-10-14/h1-12H/b12-11+,InChI=1S/C14H12/c1-3-7-13(8-4-1)11-12-14-9-5-2-6-10-14/h1-12H,0,1
366,C14H13,C14H13,C1=CC=C(C=C1)[CH]CC2C=CC=CC=2,C1=CC=C(C=C1)[CH]CC2C=CC=CC=2,"InChI=1S/C14H13/c1-3-7-13(8-4-1)11-12-14-9-5-2-6-10-14/h1-11H,12H2","InChI=1S/C14H13/c1-3-7-13(8-4-1)11-12-14-9-5-2-6-10-14/h1-11H,12H2",0,2
367,C14H14,C14H14,C1=CC=C(C=C1)CCC2C=CC=CC=2,C1=CC=C(C=C1)CCC2C=CC=CC=2,"InChI=1S/C14H14/c1-3-7-13(8-4-1)11-12-14-9-5-2-6-10-14/h1-10H,11-12H2","InChI=1S/C14H14/c1-3-7-13(8-4-1)11-12-14-9-5-2-6-10-14/h1-10H,11-12H2",0,1
368,B13DE2M-3,B13DE2M-3,C=C=C([CH2])C,C=C=C([CH2])C,"InChI=1S/C5H7/c1-4-5(2)3/h1-2H2,3H3","InChI=1S/C5H7/c1-4-5(2)3/h1-2H2,3H3",0,2
369,BUTA123TRIENE,BUTA123TRIENE,C=C=C=C,C=C=C=C,InChI=1S/C4H4/c1-3-4-2/h1-2H2,InChI=1S/C4H4/c1-3-4-2/h1-2H2,0,1
370,C#CCVCCJ-Z,C#CCVCCJ,C#C/C=C\[CH2],C#C/C=C\[CH2],"AMChI=1/C5H5/c1-3-5-4-2/h1,4-5H,2H2/b5-4-","InChI=1S/C5H5/c1-3-5-4-2/h1,4-5H,2H2",0,2
371,C#CCVCCJ-E,C#CCVCCJ,C#C/C=C/[CH2],C#C/C=C/[CH2],"AMChI=1/C5H5/c1-3-5-4-2/h1,4-5H,2H2/b5-4+","InChI=1S/C5H5/c1-3-5-4-2/h1,4-5H,2H2",0,2
372,C5H6-L-Z,C5H6-L,C#C/C=C\C,C#C/C=C\C,"InChI=1S/C5H6/c1-3-5-4-2/h1,4-5H,2H3/b5-4-","InChI=1S/C5H6/c1-3-5-4-2/h1,4-5H,2H3",0,1
373,C5H6-L-E,C5H6-L,C#C/C=C/C,C#C/C=C/C,"InChI=1S/C5H6/c1-3-5-4-2/h1,4-5H,2H3/b5-4+","InChI=1S/C5H6/c1-3-5-4-2/h1,4-5H,2H3",0,1
374,C5H7-13-2-Z,C5H7-13-2,C=[C]/C=C\C,C=[C]/C=C\C,"AMChI=1/C5H7/c1-3-5-4-2/h4-5H,1H2,2H3/b5-4-","InChI=1S/C5H7/c1-3-5-4-2/h4-5H,1H2,2H3",0,2
375,C5H7-13-2-E,C5H7-13-2,C=[C]/C=C/C,C=[C]/C=C/C,"AMChI=1/C5H7/c1-3-5-4-2/h4-5H,1H2,2H3/b5-4+","InChI=1S/C5H7/c1-3-5-4-2/h4-5H,1H2,2H3",0,2
376,C5H7-13-3,C5H7-13-3,[CH2]C=C=CC,[CH2]C=C=CC,"InChI=1S/C5H7/c1-3-5-4-2/h3-4H,1H2,2H3","InChI=1S/C5H7/c1-3-5-4-2/h3-4H,1H2,2H3",0,2
377,C5H7-13-3,C5H7-13-3,[CH2]C=C=CC,[CH2]C=C=CC,"InChI=1S/C5H7/c1-3-5-4-2/h3-4H,1H2,2H3","InChI=1S/C5H7/c1-3-5-4-2/h3-4H,1H2,2H3",0,2
378,C5H7-14-1-Z,C5H7-14-1,[H]/[C]=C\CC=C,[H]/[C]=C\CC=C,"AMChI=1/C5H7/c1-3-5-4-2/h1,3-4H,2,5H2/b3-1-","InChI=1S/C5H7/c1-3-5-4-2/h1,3-4H,2,5H2",0,2
379,C5H7-14-1-E,C5H7-14-1,[H]/[C]=C/CC=C,[H]/[C]=C/CC=C,"AMChI=1/C5H7/c1-3-5-4-2/h1,3-4H,2,5H2/b3-1+","InChI=1S/C5H7/c1-3-5-4-2/h1,3-4H,2,5H2",0,2
380,C6H111-1-Z,C6H111-1,[H]/[C]=C\CCCC,[H]/[C]=C\CCCC,"AMChI=1/C6H11/c1-3-5-6-4-2/h1,3H,4-6H2,2H3/b3-1-","InChI=1S/C6H11/c1-3-5-6-4-2/h1,3H,4-6H2,2H3",0,2
381,C6H111-1-E,C6H111-1,[H]/[C]=C/CCCC,[H]/[C]=C/CCCC,"AMChI=1/C6H11/c1-3-5-6-4-2/h1,3H,4-6H2,2H3/b3-1+","InChI=1S/C6H11/c1-3-5-6-4-2/h1,3H,4-6H2,2H3",0,2
382,C6H111-2,C6H111-2,C=[C]CCCC,C=[C]CCCC,"InChI=1S/C6H11/c1-3-5-6-4-2/h1,4-6H2,2H3","InChI=1S/C6H11/c1-3-5-6-4-2/h1,4-6H2,2H3",0,2
383,C7H121-3-Z,C7H121-3,C=C/C=C\CCC,C=C/C=C\CCC,"InChI=1S/C7H12/c1-3-5-7-6-4-2/h3,5,7H,1,4,6H2,2H3/b7-5-","InChI=1S/C7H12/c1-3-5-7-6-4-2/h3,5,7H,1,4,6H2,2H3",0,1
384,C7H121-3-E,C7H121-3,C=C/C=C/CCC,C=C/C=C/CCC,"InChI=1S/C7H12/c1-3-5-7-6-4-2/h3,5,7H,1,4,6H2,2H3/b7-5+","InChI=1S/C7H12/c1-3-5-7-6-4-2/h3,5,7H,1,4,6H2,2H3",0,1
385,C7H121-4-Z,C7H121-4,C=CC/C=C\CC,C=CC/C=C\CC,"InChI=1S/C7H12/c1-3-5-7-6-4-2/h3,6-7H,1,4-5H2,2H3/b7-6-","InChI=1S/C7H12/c1-3-5-7-6-4-2/h3,6-7H,1,4-5H2,2H3",0,1
386,C7H121-4-E,C7H121-4,C=CC/C=C/CC,C=CC/C=C/CC,"InChI=1S/C7H12/c1-3-5-7-6-4-2/h3,6-7H,1,4-5H2,2H3/b7-6+","InChI=1S/C7H12/c1-3-5-7-6-4-2/h3,6-7H,1,4-5H2,2H3",0,1
387,C7H121-5-Z,C7H121-5,C=CCC/C=C\C,C=CCC/C=C\C,"InChI=1S/C7H12/c1-3-5-7-6-4-2/h3-4,6H,1,5,7H2,2H3/b6-4-","InChI=1S/C7H12/c1-3-5-7-6-4-2/h3-4,6H,1,5,7H2,2H3",0,1
388,C7H121-5-E,C7H121-5,C=CCC/C=C/C,C=CCC/C=C/C,"InChI=1S/C7H12/c1-3-5-7-6-4-2/h3-4,6H,1,5,7H2,2H3/b6-4+","InChI=1S/C7H12/c1-3-5-7-6-4-2/h3-4,6H,1,5,7H2,2H3",0,1
389,C7H121-6,C7H121-6,C=CCCCC=C,C=CCCCC=C,"InChI=1S/C7H12/c1-3-5-7-6-4-2/h3-4H,1-2,5-7H2","InChI=1S/C7H12/c1-3-5-7-6-4-2/h3-4H,1-2,5-7H2",0,1
390,C7H131-1-Z,C7H131-1,[H]/[C]=C\CCCCC,[H]/[C]=C\CCCCC,"AMChI=1/C7H13/c1-3-5-7-6-4-2/h1,3H,4-7H2,2H3/b3-1-","InChI=1S/C7H13/c1-3-5-7-6-4-2/h1,3H,4-7H2,2H3",0,2
391,C7H131-1-E,C7H131-1,[H]/[C]=C/CCCCC,[H]/[C]=C/CCCCC,"AMChI=1/C7H13/c1-3-5-7-6-4-2/h1,3H,4-7H2,2H3/b3-1+","InChI=1S/C7H13/c1-3-5-7-6-4-2/h1,3H,4-7H2,2H3",0,2
392,C7H131-2,C7H131-2,C=[C]CCCCC,C=[C]CCCCC,"InChI=1S/C7H13/c1-3-5-7-6-4-2/h1,4-7H2,2H3","InChI=1S/C7H13/c1-3-5-7-6-4-2/h1,4-7H2,2H3",0,2
393,CC5H9-C,CC5H9-C,C=[C]C(C)C,C=[C]C(C)C,"InChI=1S/C5H9/c1-4-5(2)3/h5H,1H2,2-3H3","InChI=1S/C5H9/c1-4-5(2)3/h5H,1H2,2-3H3",0,2
394,CC5H9-D-Z,CC5H9-D,[H]/[C]=C\C(C)C,[H]/[C]=C\C(C)C,"AMChI=1/C5H9/c1-4-5(2)3/h1,4-5H,2-3H3/b4-1-","InChI=1S/C5H9/c1-4-5(2)3/h1,4-5H,2-3H3",0,2
395,CC5H9-D-E,CC5H9-D,[H]/[C]=C/C(C)C,[H]/[C]=C/C(C)C,"AMChI=1/C5H9/c1-4-5(2)3/h1,4-5H,2-3H3/b4-1+","InChI=1S/C5H9/c1-4-5(2)3/h1,4-5H,2-3H3",0,2
396,CH2CCHCH2CHCH2,CH2CCHCH2CHCH2,C=CCC=C=C,C=C=CCC=C,"InChI=1S/C6H8/c1-3-5-6-4-2/h3,6H,1-2,5H2","InChI=1S/C6H8/c1-3-5-6-4-2/h3,6H,1-2,5H2",0,1
397,CHCCH2CH2CHCH2,CHCCH2CH2CHCH2,C#CCCC=C,C#CCCC=C,"InChI=1S/C6H8/c1-3-5-6-4-2/h1,4H,2,5-6H2","InChI=1S/C6H8/c1-3-5-6-4-2/h1,4H,2,5-6H2",0,1
398,CVCCJCCCVC-Z,CVCCJCCCVC,[CH2]/C=C\CCC=C,[CH2]/C=C\CCC=C,"AMChI=1/C7H11/c1-3-5-7-6-4-2/h3-5H,1-2,6-7H2/b5-3-","InChI=1S/C7H11/c1-3-5-7-6-4-2/h3-5H,1-2,6-7H2",0,2
399,CVCCJCCCVC-E,CVCCJCCCVC,[CH2]/C=C/CCC=C,[CH2]/C=C/CCC=C,"AMChI=1/C7H11/c1-3-5-7-6-4-2/h3-5H,1-2,6-7H2/b5-3+","InChI=1S/C7H11/c1-3-5-7-6-4-2/h3-5H,1-2,6-7H2",0,2
400,CVCCJCCVCC-ZZ,CVCCJCCVCC,[CH2]/C=C\C\C=C/C,[CH2]/C=C\C\C=C/C,"AMChI=1/C7H11/c1-3-5-7-6-4-2/h3-6H,1,7H2,2H3/b5-3-,6-4-","InChI=1S/C7H11/c1-3-5-7-6-4-2/h3-6H,1,7H2,2H3",0,2
401,CVCCJCCVCC-ZE,CVCCJCCVCC,[CH2]/C=C\C\C=C\C,[CH2]/C=C\C\C=C\C,"AMChI=1/C7H11/c1-3-5-7-6-4-2/h3-6H,1,7H2,2H3/b5-3-,6-4+","InChI=1S/C7H11/c1-3-5-7-6-4-2/h3-6H,1,7H2,2H3",0,2
402,CVCCJCCVCC-EZ,CVCCJCCVCC,[CH2]/C=C/C/C=C\C,[CH2]/C=C/C/C=C\C,"AMChI=1/C7H11/c1-3-5-7-6-4-2/h3-6H,1,7H2,2H3/b5-3+,6-4-","InChI=1S/C7H11/c1-3-5-7-6-4-2/h3-6H,1,7H2,2H3",0,2
403,CVCCJCCVCC-EE,CVCCJCCVCC,[CH2]/C=C/C/C=C/C,[CH2]/C=C/C/C=C/C,"AMChI=1/C7H11/c1-3-5-7-6-4-2/h3-6H,1,7H2,2H3/b5-3+,6-4+","InChI=1S/C7H11/c1-3-5-7-6-4-2/h3-6H,1,7H2,2H3",0,2
404,CVCCJCVCC-ZZZ,CVCCJCVCC,[CH2]/C=/C\C=\C/C,[CH2]/C=C\C=C/C,"AMChI=1/C6H9/c1-3-5-6-4-2/h3-6H,1H2,2H3/b5-3-,6-4-,6-5-","InChI=1S/C6H9/c1-3-5-6-4-2/h3-6H,1H2,2H3",0,2
405,CVCCJCVCC-ZZE,CVCCJCVCC,[CH2]/C=/C\C=/C/C,[CH2]/C=C\C=C/C,"AMChI=1/C6H9/c1-3-5-6-4-2/h3-6H,1H2,2H3/b5-3-,6-4-,6-5+","InChI=1S/C6H9/c1-3-5-6-4-2/h3-6H,1H2,2H3",0,2
406,CVCCJCVCC-ZEZ,CVCCJCVCC,[CH2]/C=/C\C=\C\C,[CH2]/C=C\C=C\C,"AMChI=1/C6H9/c1-3-5-6-4-2/h3-6H,1H2,2H3/b5-3-,6-4+,6-5-","InChI=1S/C6H9/c1-3-5-6-4-2/h3-6H,1H2,2H3",0,2
407,CVCCJCVCC-ZEE,CVCCJCVCC,[CH2]/C=/C\C=/C\C,[CH2]/C=C\C=C\C,"AMChI=1/C6H9/c1-3-5-6-4-2/h3-6H,1H2,2H3/b5-3-,6-4+,6-5+","InChI=1S/C6H9/c1-3-5-6-4-2/h3-6H,1H2,2H3",0,2
408,CVCCJCVCC-EZZ,CVCCJCVCC,[CH2]/C=/C/C=\C\C,[CH2]/C=C/C=C\C,"AMChI=1/C6H9/c1-3-5-6-4-2/h3-6H,1H2,2H3/b5-3+,6-4-,6-5-","InChI=1S/C6H9/c1-3-5-6-4-2/h3-6H,1H2,2H3",0,2
409,CVCCJCVCC-EZE,CVCCJCVCC,[CH2]/C=/C/C=/C\C,[CH2]/C=C/C=C\C,"AMChI=1/C6H9/c1-3-5-6-4-2/h3-6H,1H2,2H3/b5-3+,6-4-,6-5+","InChI=1S/C6H9/c1-3-5-6-4-2/h3-6H,1H2,2H3",0,2
410,CVCCJCVCC-EEZ,CVCCJCVCC,[CH2]/C=/C/C=\C/C,[CH2]/C=C/C=C/C,"AMChI=1/C6H9/c1-3-5-6-4-2/h3-6H,1H2,2H3/b5-3+,6-4+,6-5-","InChI=1S/C6H9/c1-3-5-6-4-2/h3-6H,1H2,2H3",0,2
411,CVCCJCVCC-EEE,CVCCJCVCC,[CH2]/C=/C/C=/C/C,[CH2]/C=C/C=C/C,"AMChI=1/C6H9/c1-3-5-6-4-2/h3-6H,1H2,2H3/b5-3+,6-4+,6-5+","InChI=1S/C6H9/c1-3-5-6-4-2/h3-6H,1H2,2H3",0,2
412,CVCCJCVCCC-ZZZ,CVCCJCVCCC,[CH2]/C=/C\C=\C/CC,[CH2]/C=C\C=C/CC,"AMChI=1/C7H11/c1-3-4-5-6-7-2/h3-6H,1,7H2,2H3/b4-3-,5-4-,6-5-","InChI=1S/C7H11/c1-3-5-7-6-4-2/h3,5-7H,1,4H2,2H3",0,2
413,CVCCJCVCCC-ZZE,CVCCJCVCCC,[CH2]/C=/C\C=\C\CC,[CH2]/C=C\C=C\CC,"AMChI=1/C7H11/c1-3-4-5-6-7-2/h3-6H,1,7H2,2H3/b4-3-,5-4-,6-5+","InChI=1S/C7H11/c1-3-5-7-6-4-2/h3,5-7H,1,4H2,2H3",0,2
414,CVCCJCVCCC-ZEZ,CVCCJCVCCC,[CH2]/C=/C\C=/C/CC,[CH2]/C=C\C=C/CC,"AMChI=1/C7H11/c1-3-4-5-6-7-2/h3-6H,1,7H2,2H3/b4-3-,5-4+,6-5-","InChI=1S/C7H11/c1-3-5-7-6-4-2/h3,5-7H,1,4H2,2H3",0,2
415,CVCCJCVCCC-ZEE,CVCCJCVCCC,[CH2]/C=/C\C=/C\CC,[CH2]/C=C\C=C\CC,"AMChI=1/C7H11/c1-3-4-5-6-7-2/h3-6H,1,7H2,2H3/b4-3-,5-4+,6-5+","InChI=1S/C7H11/c1-3-5-7-6-4-2/h3,5-7H,1,4H2,2H3",0,2
416,CVCCJCVCCC-EZZ,CVCCJCVCCC,[CH2]/C=/C/C=\C\CC,[CH2]/C=C/C=C\CC,"AMChI=1/C7H11/c1-3-4-5-6-7-2/h3-6H,1,7H2,2H3/b4-3+,5-4-,6-5-","InChI=1S/C7H11/c1-3-5-7-6-4-2/h3,5-7H,1,4H2,2H3",0,2
417,CVCCJCVCCC-EZE,CVCCJCVCCC,[CH2]/C=/C/C=\C/CC,[CH2]/C=C/C=C/CC,"AMChI=1/C7H11/c1-3-4-5-6-7-2/h3-6H,1,7H2,2H3/b4-3+,5-4-,6-5+","InChI=1S/C7H11/c1-3-5-7-6-4-2/h3,5-7H,1,4H2,2H3",0,2
418,CVCCJCVCCC-EEZ,CVCCJCVCCC,[CH2]/C=/C/C=/C\CC,[CH2]/C=C/C=C\CC,"AMChI=1/C7H11/c1-3-4-5-6-7-2/h3-6H,1,7H2,2H3/b4-3+,5-4+,6-5-","InChI=1S/C7H11/c1-3-5-7-6-4-2/h3,5-7H,1,4H2,2H3",0,2
419,CVCCJCVCCC-EEE,CVCCJCVCCC,[CH2]/C=/C/C=/C/CC,[CH2]/C=C/C=C/CC,"AMChI=1/C7H11/c1-3-4-5-6-7-2/h3-6H,1,7H2,2H3/b4-3+,5-4+,6-5+","InChI=1S/C7H11/c1-3-5-7-6-4-2/h3,5-7H,1,4H2,2H3",0,2
420,I2C8D3-Z,I2C8D3,CCC/C=C\C(C)C,CCC/C=C\C(C)C,"InChI=1S/C8H16/c1-4-5-6-7-8(2)3/h6-8H,4-5H2,1-3H3/b7-6-","InChI=1S/C8H16/c1-4-5-6-7-8(2)3/h6-8H,4-5H2,1-3H3",0,1
421,I2C8D3-E,I2C8D3,CCC/C=C/C(C)C,CCC/C=C/C(C)C,"InChI=1S/C8H16/c1-4-5-6-7-8(2)3/h6-8H,4-5H2,1-3H3/b7-6+","InChI=1S/C8H16/c1-4-5-6-7-8(2)3/h6-8H,4-5H2,1-3H3",0,1
422,I3C7D1-A0,I3C7D1,CCC[C@@H](C)C=C,C=C[C@H](C)CCC,"InChI=1S/C7H14/c1-4-6-7(3)5-2/h5,7H,2,4,6H2,1,3H3/t7-/m0/s1","InChI=1S/C7H14/c1-4-6-7(3)5-2/h5,7H,2,4,6H2,1,3H3",0,1
423,I3C7D1-A1,I3C7D1,CCC[C@H](C)C=C,C=C[C@@H](C)CCC,"InChI=1S/C7H14/c1-4-6-7(3)5-2/h5,7H,2,4,6H2,1,3H3/t7-/m1/s1","InChI=1S/C7H14/c1-4-6-7(3)5-2/h5,7H,2,4,6H2,1,3H3",0,1
424,I3C7D1-3-Z,I3C7D1-3,[CH2]/C=C(C)\CCC,[CH2]/C=C(C)\CCC,"AMChI=1/C7H13/c1-4-7(3)6-5-2/h4H,1,5-6H2,2-3H3/b7-4-","InChI=1S/C7H13/c1-4-6-7(3)5-2/h5H,2,4,6H2,1,3H3",0,2
425,I3C7D1-3-E,I3C7D1-3,[CH2]/C=C(C)/CCC,[CH2]/C=C(C)/CCC,"AMChI=1/C7H13/c1-4-7(3)6-5-2/h4H,1,5-6H2,2-3H3/b7-4+","InChI=1S/C7H13/c1-4-6-7(3)5-2/h5H,2,4,6H2,1,3H3",0,2
426,I3C8D1-A0,I3C8D1,CCCC[C@@H](C)C=C,C=C[C@H](C)CCCC,"InChI=1S/C8H16/c1-4-6-7-8(3)5-2/h5,8H,2,4,6-7H2,1,3H3/t8-/m0/s1","InChI=1S/C8H16/c1-4-6-7-8(3)5-2/h5,8H,2,4,6-7H2,1,3H3",0,1
427,I3C8D1-A1,I3C8D1,CCCC[C@H](C)C=C,C=C[C@@H](C)CCCC,"InChI=1S/C8H16/c1-4-6-7-8(3)5-2/h5,8H,2,4,6-7H2,1,3H3/t8-/m1/s1","InChI=1S/C8H16/c1-4-6-7-8(3)5-2/h5,8H,2,4,6-7H2,1,3H3",0,1
428,I4C8D2-ZA0,I4C8D2,C/C=C\[C@H](C)CCC,C/C=C\[C@H](C)CCC,"InChI=1S/C8H16/c1-4-6-8(3)7-5-2/h4,6,8H,5,7H2,1-3H3/b6-4-/t8-/m0/s1","InChI=1S/C8H16/c1-4-6-8(3)7-5-2/h4,6,8H,5,7H2,1-3H3",0,1
429,I4C8D2-EA0,I4C8D2,C/C=C/[C@H](C)CCC,C/C=C/[C@H](C)CCC,"InChI=1S/C8H16/c1-4-6-8(3)7-5-2/h4,6,8H,5,7H2,1-3H3/b6-4+/t8-/m0/s1","InChI=1S/C8H16/c1-4-6-8(3)7-5-2/h4,6,8H,5,7H2,1-3H3",0,1
430,I4C8D2-ZA1,I4C8D2,C/C=C\[C@@H](C)CCC,C/C=C\[C@@H](C)CCC,"InChI=1S/C8H16/c1-4-6-8(3)7-5-2/h4,6,8H,5,7H2,1-3H3/b6-4-/t8-/m1/s1","InChI=1S/C8H16/c1-4-6-8(3)7-5-2/h4,6,8H,5,7H2,1-3H3",0,1
431,I4C8D2-EA1,I4C8D2,C/C=C/[C@@H](C)CCC,C/C=C/[C@@H](C)CCC,"InChI=1S/C8H16/c1-4-6-8(3)7-5-2/h4,6,8H,5,7H2,1-3H3/b6-4+/t8-/m1/s1","InChI=1S/C8H16/c1-4-6-8(3)7-5-2/h4,6,8H,5,7H2,1-3H3",0,1
432,IC5D1T3,IC5D1T3,C#CC(=C)C,C#CC(=C)C,"InChI=1S/C5H6/c1-4-5(2)3/h1H,2H2,3H3","InChI=1S/C5H6/c1-4-5(2)3/h1H,2H2,3H3",0,1
433,IC5D1T3-1J,IC5D1T3-1J,C#CC([CH2])=C,C#CC([CH2])=C,"InChI=1S/C5H5/c1-4-5(2)3/h1H,2-3H2","InChI=1S/C5H5/c1-4-5(2)3/h1H,2-3H2",0,2
434,IC5D1T3-1V-Z,IC5D1T3-1V,[H]/[C]=C(C)\C#C,[H]/[C]=C(C)\C#C,"AMChI=1/C5H5/c1-4-5(2)3/h1-2H,3H3/b5-2-","InChI=1S/C5H5/c1-4-5(2)3/h1-2H,3H3",0,2
435,IC5D1T3-1V-E,IC5D1T3-1V,[H]/[C]=C(C)/C#C,[H]/[C]=C(C)/C#C,"AMChI=1/C5H5/c1-4-5(2)3/h1-2H,3H3/b5-2+","InChI=1S/C5H5/c1-4-5(2)3/h1-2H,3H3",0,2
436,IC5D1T3-4J,IC5D1T3-4J,[C]#CC(=C)C,[C]#CC(=C)C,"InChI=1S/C5H5/c1-4-5(2)3/h2H2,3H3","InChI=1S/C5H5/c1-4-5(2)3/h2H2,3H3",0,2
437,IC5T1,IC5T1,C#CC(C)C,C#CC(C)C,"InChI=1S/C5H8/c1-4-5(2)3/h1,5H,2-3H3","InChI=1S/C5H8/c1-4-5(2)3/h1,5H,2-3H3",0,1
438,IC5T1-3,IC5T1-3,[CH]=C=C(C)C,[CH]=C=C(C)C,"InChI=1S/C5H7/c1-4-5(2)3/h1H,2-3H3","InChI=1S/C5H7/c1-4-5(2)3/h1H,2-3H3",0,2
439,IC5T1-4-A0,IC5T1-4,C#C[C@@H]([CH2])C,C#C[C@@H]([CH2])C,"InChI=1S/C5H7/c1-4-5(2)3/h1,5H,2H2,3H3/t5-/m0/s1","InChI=1S/C5H7/c1-4-5(2)3/h1,5H,2H2,3H3",0,2
440,IC5T1-4-A1,IC5T1-4,C#C[C@H]([CH2])C,C#C[C@H]([CH2])C,"InChI=1S/C5H7/c1-4-5(2)3/h1,5H,2H2,3H3/t5-/m1/s1","InChI=1S/C5H7/c1-4-5(2)3/h1,5H,2H2,3H3",0,2
441,P13DE1J-ZZ,P13DE1J,[H]/[C]=C\C=C/C,[H]/[C]=C\C=C/C,"AMChI=1/C5H7/c1-3-5-4-2/h1,3-5H,2H3/b3-1-,5-4-","InChI=1S/C5H7/c1-3-5-4-2/h1,3-5H,2H3",0,2
442,P13DE1J-ZE,P13DE1J,[H]/[C]=C\C=C\C,[H]/[C]=C\C=C\C,"AMChI=1/C5H7/c1-3-5-4-2/h1,3-5H,2H3/b3-1-,5-4+","InChI=1S/C5H7/c1-3-5-4-2/h1,3-5H,2H3",0,2
443,P13DE1J-EZ,P13DE1J,[H]/[C]=C/C=C\C,[H]/[C]=C/C=C\C,"AMChI=1/C5H7/c1-3-5-4-2/h1,3-5H,2H3/b3-1+,5-4-","InChI=1S/C5H7/c1-3-5-4-2/h1,3-5H,2H3",0,2
444,P13DE1J-EE,P13DE1J,[H]/[C]=C/C=C/C,[H]/[C]=C/C=C/C,"AMChI=1/C5H7/c1-3-5-4-2/h1,3-5H,2H3/b3-1+,5-4+","InChI=1S/C5H7/c1-3-5-4-2/h1,3-5H,2H3",0,2
445,BC5H9-C,BC5H9-C,C[C]=C(C)C,C[C]=C(C)C,InChI=1S/C5H9/c1-4-5(2)3/h1-3H3,InChI=1S/C5H9/c1-4-5(2)3/h1-3H3,0,2
446,C6H7-2-ZZ,C6H7-2,C=[C]/C=/C\C=\C,C=[C]/C=C\C=C,"AMChI=1/C6H7/c1-3-5-6-4-2/h4-6H,1-2H2/b6-4-,6-5-","InChI=1S/C6H7/c1-3-5-6-4-2/h3,5-6H,1-2H2",0,2
447,C6H7-2-ZE,C6H7-2,C=[C]/C=/C/C=\C,C=[C]/C=C/C=C,"AMChI=1/C6H7/c1-3-5-6-4-2/h4-6H,1-2H2/b6-4-,6-5+","InChI=1S/C6H7/c1-3-5-6-4-2/h3,5-6H,1-2H2",0,2
448,C6H7-2-EZ,C6H7-2,C=[C]/C=/C\C=/C,C=[C]/C=C\C=C,"AMChI=1/C6H7/c1-3-5-6-4-2/h4-6H,1-2H2/b6-4+,6-5-","InChI=1S/C6H7/c1-3-5-6-4-2/h3,5-6H,1-2H2",0,2
449,C6H7-2-EE,C6H7-2,C=[C]/C=/C/C=/C,C=[C]/C=C/C=C,"AMChI=1/C6H7/c1-3-5-6-4-2/h4-6H,1-2H2/b6-4+,6-5+","InChI=1S/C6H7/c1-3-5-6-4-2/h3,5-6H,1-2H2",0,2
