name,smiles,charge,mult,inchi,orig-name,orig-inchi
H,[H],0,2,InChI=1S/H,H,InChI=1S/H
H2,[H][H],0,1,InChI=1S/H2/h1H,H2,InChI=1S/H2/h1H
C,[C],0,1,InChI=1S/C,C,InChI=1S/C
CH,[CH],0,2,InChI=1S/CH/h1H,CH,InChI=1S/CH/h1H
CH2,[CH2],0,3,InChI=1S/CH2/h1H2,CH2,InChI=1S/CH2/h1H2
CH2(S),[CH2],0,1,InChI=1S/CH2/h1H2,CH2(S),InChI=1S/CH2/h1H2
CH3,[CH3],0,2,InChI=1S/CH3/h1H3,CH3,InChI=1S/CH3/h1H3
CH4,C,0,1,InChI=1S/CH4/h1H4,CH4,InChI=1S/CH4/h1H4
C2,[C]#[C],0,1,InChI=1S/C2/c1-2,C2,InChI=1S/C2/c1-2
C2H,C#[C],0,2,InChI=1S/C2H/c1-2/h1H,C2H,InChI=1S/C2H/c1-2/h1H
C2H2,C#C,0,1,InChI=1S/C2H2/c1-2/h1-2H,C2H2,InChI=1S/C2H2/c1-2/h1-2H
H2CC,C=[C],0,1,InChI=1S/C2H2/c1-2/h1H2,H2CC,InChI=1S/C2H2/c1-2/h1H2
C2H3,[CH]=C,0,2,'InChI=1S/C2H3/c1-2/h1H,2H2',C2H3,'InChI=1S/C2H3/c1-2/h1H,2H2'
C2H4,C=C,0,1,InChI=1S/C2H4/c1-2/h1-2H2,C2H4,InChI=1S/C2H4/c1-2/h1-2H2
C2H5,[CH2]C,0,2,'InChI=1S/C2H5/c1-2/h1H2,2H3',C2H5,'InChI=1S/C2H5/c1-2/h1H2,2H3'
C2H6,CC,0,1,InChI=1S/C2H6/c1-2/h1-2H3,C2H6,InChI=1S/C2H6/c1-2/h1-2H3
C3H2,C#C[CH],0,3,InChI=1S/C3H2/c1-3-2/h1-2H,C3H2,InChI=1S/C3H2/c1-3-2/h1-2H
C3H2(S),C#C[CH],0,1,InChI=1S/C3H2/c1-3-2/h1-2H,C3H2(S),InChI=1S/C3H2/c1-3-2/h1-2H
C3H2C,C1=C=C1,0,1,InChI=1S/C3H2/c1-2-3-1/h1-2H,C3H2C,InChI=1S/C3H2/c1-2-3-1/h1-2H
H2CCC(S),C=C=[C],0,3,InChI=1S/C3H2/c1-3-2/h1H2,H2CCC(S),InChI=1S/C3H2/c1-3-2/h1H2
C3H3,C#C[CH2],0,2,'InChI=1S/C3H3/c1-3-2/h1H,2H2',C3H3,'InChI=1S/C3H3/c1-3-2/h1H,2H2'
C3H4-A,C=C=C,0,1,InChI=1S/C3H4/c1-3-2/h1-2H2,C3H4-A,InChI=1S/C3H4/c1-3-2/h1-2H2
C3H4-P,C#CC,0,1,'InChI=1S/C3H4/c1-3-2/h1H,2H3',C3H4-P,'InChI=1S/C3H4/c1-3-2/h1H,2H3'
CC3H4,C1CC=1,0,1,'InChI=1S/C3H4/c1-2-3-1/h1-2H,3H2',CC3H4,'InChI=1S/C3H4/c1-2-3-1/h1-2H,3H2'
C3H5-A,C=C[CH2],0,2,'InChI=1S/C3H5/c1-3-2/h3H,1-2H2',C3H5-A,'InChI=1S/C3H5/c1-3-2/h3H,1-2H2'
C3H5-S-Z,[H]/[C]=C\C,0,2,'AMChI=1/C3H5/c1-3-2/h1,3H,2H3/b3-1-',C3H5-S,'InChI=1S/C3H5/c1-3-2/h1,3H,2H3'
C3H5-S-E,[H]/[C]=C/C,0,2,'AMChI=1/C3H5/c1-3-2/h1,3H,2H3/b3-1+',C3H5-S,'InChI=1S/C3H5/c1-3-2/h1,3H,2H3'
C3H5-T,C=[C]C,0,2,'InChI=1S/C3H5/c1-3-2/h1H2,2H3',C3H5-T,'InChI=1S/C3H5/c1-3-2/h1H2,2H3'
C3H6,C=CC,0,1,'InChI=1S/C3H6/c1-3-2/h3H,1H2,2H3',C3H6,'InChI=1S/C3H6/c1-3-2/h3H,1H2,2H3'
IC3H7,C[CH]C,0,2,'InChI=1S/C3H7/c1-3-2/h3H,1-2H3',IC3H7,'InChI=1S/C3H7/c1-3-2/h3H,1-2H3'
NC3H7,[CH2]CC,0,2,'InChI=1S/C3H7/c1-3-2/h1,3H2,2H3',NC3H7,'InChI=1S/C3H7/c1-3-2/h1,3H2,2H3'
C3H8,CCC,0,1,'InChI=1S/C3H8/c1-3-2/h3H2,1-2H3',C3H8,'InChI=1S/C3H8/c1-3-2/h3H2,1-2H3'
C4H2,C#CC#C,0,1,InChI=1S/C4H2/c1-3-4-2/h1-2H,C4H2,InChI=1S/C4H2/c1-3-4-2/h1-2H
C4H3-I,C#C[C]=C,0,2,'InChI=1S/C4H3/c1-3-4-2/h1H,2H2',C4H3-I,'InChI=1S/C4H3/c1-3-4-2/h1H,2H2'
C4H3-N-Z,[H]/[C]=C\C#C,0,2,'AMChI=1/C4H3/c1-3-4-2/h1-2,4H/b4-2-',C4H3-N,InChI=1S/C4H3/c1-3-4-2/h1-3H
C4H3-N-E,[H]/[C]=C/C#C,0,2,'AMChI=1/C4H3/c1-3-4-2/h1-2,4H/b4-2+',C4H3-N,InChI=1S/C4H3/c1-3-4-2/h1-3H
C4H4,C#CC=C,0,1,'InChI=1S/C4H4/c1-3-4-2/h1,4H,2H2',C4H4,'InChI=1S/C4H4/c1-3-4-2/h1,4H,2H2'
C4H5-1,CCC#[C],0,2,'InChI=1S/C4H5/c1-3-4-2/h3H2,1H3',C4H5-1,'InChI=1S/C4H5/c1-3-4-2/h3H2,1H3'
C4H5-2,C=C=[C]C,0,2,'InChI=1S/C4H5/c1-3-4-2/h1H2,2H3',C4H5-2,'InChI=1S/C4H5/c1-3-4-2/h1H2,2H3'
C4H5-3,C#C[CH]C,0,2,'InChI=1S/C4H5/c1-3-4-2/h1,4H,2H3',C4H5-3,'InChI=1S/C4H5/c1-3-4-2/h1,4H,2H3'
C4H5-4,C#CC[CH2],0,2,'InChI=1S/C4H5/c1-3-4-2/h1H,2,4H2',C4H5-4,'InChI=1S/C4H5/c1-3-4-2/h1H,2,4H2'
C4H5-I,C=C[C]=C,0,2,'InChI=1S/C4H5/c1-3-4-2/h3H,1-2H2',C4H5-I,'InChI=1S/C4H5/c1-3-4-2/h3H,1-2H2'
C4H5-N-Z,[H]/[C]=C\C=C,0,2,'AMChI=1/C4H5/c1-3-4-2/h1,3-4H,2H2/b3-1-',C4H5-N,'InChI=1S/C4H5/c1-3-4-2/h1,3-4H,2H2'
C4H5-N-E,[H]/[C]=C/C=C,0,2,'AMChI=1/C4H5/c1-3-4-2/h1,3-4H,2H2/b3-1+',C4H5-N,'InChI=1S/C4H5/c1-3-4-2/h1,3-4H,2H2'
C4H6,C=CC=C,0,1,'InChI=1S/C4H6/c1-3-4-2/h3-4H,1-2H2',C4H6,'InChI=1S/C4H6/c1-3-4-2/h3-4H,1-2H2'
C4H6-1,C#CCC,0,1,'InChI=1S/C4H6/c1-3-4-2/h1H,4H2,2H3',C4H6-1,'InChI=1S/C4H6/c1-3-4-2/h1H,4H2,2H3'
C4H612,C=C=CC,0,1,'InChI=1S/C4H6/c1-3-4-2/h4H,1H2,2H3',C4H612,'InChI=1S/C4H6/c1-3-4-2/h4H,1H2,2H3'
C4H6-2,CC#CC,0,1,InChI=1S/C4H6/c1-3-4-2/h1-2H3,C4H6-2,InChI=1S/C4H6/c1-3-4-2/h1-2H3
C4H71-1-Z,[H]/[C]=C\CC,0,2,'AMChI=1/C4H7/c1-3-4-2/h1,3H,4H2,2H3/b3-1-',C4H71-1,'InChI=1S/C4H7/c1-3-4-2/h1,3H,4H2,2H3'
C4H71-1-E,[H]/[C]=C/CC,0,2,'AMChI=1/C4H7/c1-3-4-2/h1,3H,4H2,2H3/b3-1+',C4H71-1,'InChI=1S/C4H7/c1-3-4-2/h1,3H,4H2,2H3'
C4H71-2,C=[C]CC,0,2,'InChI=1S/C4H7/c1-3-4-2/h1,4H2,2H3',C4H71-2,'InChI=1S/C4H7/c1-3-4-2/h1,4H2,2H3'
C4H71-3-Z,[CH2]/C=C\C,0,2,'AMChI=1/C4H7/c1-3-4-2/h3-4H,1H2,2H3/b4-3-',C4H71-3,'InChI=1S/C4H7/c1-3-4-2/h3-4H,1H2,2H3'
C4H71-3-E,[CH2]/C=C/C,0,2,'AMChI=1/C4H7/c1-3-4-2/h3-4H,1H2,2H3/b4-3+',C4H71-3,'InChI=1S/C4H7/c1-3-4-2/h3-4H,1H2,2H3'
C4H71-4,C=CC[CH2],0,2,'InChI=1S/C4H7/c1-3-4-2/h3H,1-2,4H2',C4H71-4,'InChI=1S/C4H7/c1-3-4-2/h3H,1-2,4H2'
C4H72-2-Z,C/[C]=C\C,0,2,'AMChI=1/C4H7/c1-3-4-2/h4H,1-2H3/b4-3-',C4H72-2,'InChI=1S/C4H7/c1-3-4-2/h3H,1-2H3'
C4H72-2-E,C/[C]=C/C,0,2,'AMChI=1/C4H7/c1-3-4-2/h4H,1-2H3/b4-3+',C4H72-2,'InChI=1S/C4H7/c1-3-4-2/h3H,1-2H3'
IC4H7,[CH2]C(=C)C,0,2,'InChI=1S/C4H7/c1-4(2)3/h1-2H2,3H3',IC4H7,'InChI=1S/C4H7/c1-4(2)3/h1-2H2,3H3'
IC4H7-I1,[CH]=C(C)C,0,2,'InChI=1S/C4H7/c1-4(2)3/h1H,2-3H3',IC4H7-I1,'InChI=1S/C4H7/c1-4(2)3/h1H,2-3H3'
C4H8-1,C=CCC,0,1,'InChI=1S/C4H8/c1-3-4-2/h3H,1,4H2,2H3',C4H8-1,'InChI=1S/C4H8/c1-3-4-2/h3H,1,4H2,2H3'
C4H8-2-Z,C/C=C\C,0,1,'InChI=1S/C4H8/c1-3-4-2/h3-4H,1-2H3/b4-3-',C4H8-2,'InChI=1S/C4H8/c1-3-4-2/h3-4H,1-2H3'
C4H8-2-E,C/C=C/C,0,1,'InChI=1S/C4H8/c1-3-4-2/h3-4H,1-2H3/b4-3+',C4H8-2,'InChI=1S/C4H8/c1-3-4-2/h3-4H,1-2H3'
IC4H8,C=C(C)C,0,1,'InChI=1S/C4H8/c1-4(2)3/h1H2,2-3H3',IC4H8,'InChI=1S/C4H8/c1-4(2)3/h1H2,2-3H3'
IC4H9,[CH2]C(C)C,0,2,'InChI=1S/C4H9/c1-4(2)3/h4H,1H2,2-3H3',IC4H9,'InChI=1S/C4H9/c1-4(2)3/h4H,1H2,2-3H3'
PC4H9,[CH2]CCC,0,2,'InChI=1S/C4H9/c1-3-4-2/h1,3-4H2,2H3',PC4H9,'InChI=1S/C4H9/c1-3-4-2/h1,3-4H2,2H3'
SC4H9,C[CH]CC,0,2,'InChI=1S/C4H9/c1-3-4-2/h3H,4H2,1-2H3',SC4H9,'InChI=1S/C4H9/c1-3-4-2/h3H,4H2,1-2H3'
TC4H9,C[C](C)C,0,2,InChI=1S/C4H9/c1-4(2)3/h1-3H3,TC4H9,InChI=1S/C4H9/c1-4(2)3/h1-3H3
C4H10,CCCC,0,1,'InChI=1S/C4H10/c1-3-4-2/h3-4H2,1-2H3',C4H10,'InChI=1S/C4H10/c1-3-4-2/h3-4H2,1-2H3'
IC4H10,CC(C)C,0,1,'InChI=1S/C4H10/c1-4(2)3/h4H,1-3H3',IC4H10,'InChI=1S/C4H10/c1-4(2)3/h4H,1-3H3'
C5H5,C1[CH]C=CC=1,0,2,InChI=1S/C5H5/c1-2-4-5-3-1/h1-5H,C5H5,InChI=1S/C5H5/c1-2-4-5-3-1/h1-5H
NC5D124-5R-Z,[H]/[C]=C\C=C=C,0,2,'AMChI=1/C5H5/c1-4-5-3-2/h1,4-5H,2H2/b4-1-',NC5D124-5R,'InChI=1S/C5H5/c1-3-5-4-2/h1,3,5H,2H2'
NC5D124-5R-E,[H]/[C]=C/C=C=C,0,2,'AMChI=1/C5H5/c1-4-5-3-2/h1,4-5H,2H2/b4-1+',NC5D124-5R,'InChI=1S/C5H5/c1-3-5-4-2/h1,3,5H,2H2'
C5H6,C1=CCC=C1,0,1,'InChI=1S/C5H6/c1-2-4-5-3-1/h1-4H,5H2',C5H6,'InChI=1S/C5H6/c1-2-4-5-3-1/h1-4H,5H2'
NC5D124,C=CC=C=C,0,1,'InChI=1S/C5H6/c1-3-5-4-2/h3,5H,1-2H2',NC5D124,'InChI=1S/C5H6/c1-3-5-4-2/h3,5H,1-2H2'
B13DE2MJ,C=CC([CH2])=C,0,2,'InChI=1S/C5H7/c1-4-5(2)3/h4H,1-3H2',B13DE2MJ,'InChI=1S/C5H7/c1-4-5(2)3/h4H,1-3H2'
C5H7,C1[CH]CCC=1,0,2,'InChI=1S/C5H7/c1-2-4-5-3-1/h1-3H,4-5H2',C5H7,'InChI=1S/C5H7/c1-2-4-5-3-1/h1-3H,4-5H2'
CVCCJCVC-ZZ,C=/C/C=\C\[CH2],0,2,'AMChI=1/C5H7/c1-3-5-4-2/h3-5H,1-2H2/b5-3-,5-4-',CVCCJCVC,'InChI=1S/C5H7/c1-3-5-4-2/h3-5H,1-2H2'
CVCCJCVC-ZE,C=/C/C=\C/[CH2],0,2,'AMChI=1/C5H7/c1-3-5-4-2/h3-5H,1-2H2/b5-3-,5-4+',CVCCJCVC,'InChI=1S/C5H7/c1-3-5-4-2/h3-5H,1-2H2'
CVCCJCVC-EE,C=/C/C=/C/[CH2],0,2,'AMChI=1/C5H7/c1-3-5-4-2/h3-5H,1-2H2/b5-3+,5-4+',CVCCJCVC,'InChI=1S/C5H7/c1-3-5-4-2/h3-5H,1-2H2'
B12DE3M,C=C=C(C)C,0,1,'InChI=1S/C5H8/c1-4-5(2)3/h1H2,2-3H3',B12DE3M,'InChI=1S/C5H8/c1-4-5(2)3/h1H2,2-3H3'
B13DE2M,C=CC(=C)C,0,1,'InChI=1S/C5H8/c1-4-5(2)3/h4H,1-2H2,3H3',B13DE2M,'InChI=1S/C5H8/c1-4-5(2)3/h4H,1-2H2,3H3'
C5H8-1,C#CCCC,0,1,'InChI=1S/C5H8/c1-3-5-4-2/h1H,4-5H2,2H3',C5H8-1,'InChI=1S/C5H8/c1-3-5-4-2/h1H,4-5H2,2H3'
C5H81-2,C=C=CCC,0,1,'InChI=1S/C5H8/c1-3-5-4-2/h5H,1,4H2,2H3',C5H81-2,'InChI=1S/C5H8/c1-3-5-4-2/h5H,1,4H2,2H3'
C5H81-3-Z,C=C/C=C\C,0,1,'InChI=1S/C5H8/c1-3-5-4-2/h3-5H,1H2,2H3/b5-4-',C5H81-3,'InChI=1S/C5H8/c1-3-5-4-2/h3-5H,1H2,2H3'
C5H81-3-E,C=C/C=C/C,0,1,'InChI=1S/C5H8/c1-3-5-4-2/h3-5H,1H2,2H3/b5-4+',C5H81-3,'InChI=1S/C5H8/c1-3-5-4-2/h3-5H,1H2,2H3'
C5H8-2,CCC#CC,0,1,'InChI=1S/C5H8/c1-3-5-4-2/h3H2,1-2H3',C5H8-2,'InChI=1S/C5H8/c1-3-5-4-2/h3H2,1-2H3'
C5H82-3,CC=C=CC,0,1,'InChI=1S/C5H8/c1-3-5-4-2/h3-4H,1-2H3',C5H82-3,'InChI=1S/C5H8/c1-3-5-4-2/h3-4H,1-2H3'
C5H8D14,C=CCC=C,0,1,'InChI=1S/C5H8/c1-3-5-4-2/h3-4H,1-2,5H2',C5H8D14,'InChI=1S/C5H8/c1-3-5-4-2/h3-4H,1-2,5H2'
CH2CYC3H3CH3-A0,C=C1[C@@H](C)C1,0,1,'InChI=1S/C5H8/c1-4-3-5(4)2/h5H,1,3H2,2H3/t5-/m0/s1',CH2CYC3H3CH3,'InChI=1S/C5H8/c1-4-3-5(4)2/h5H,1,3H2,2H3'
CH2CYC3H3CH3-A1,C=C1[C@H](C)C1,0,1,'InChI=1S/C5H8/c1-4-3-5(4)2/h5H,1,3H2,2H3/t5-/m1/s1',CH2CYC3H3CH3,'InChI=1S/C5H8/c1-4-3-5(4)2/h5H,1,3H2,2H3'
CYC3H3-1C2H5,CCC1CC=1,0,1,'InChI=1S/C5H8/c1-2-5-3-4-5/h3H,2,4H2,1H3',CYC3H3-1C2H5,'InChI=1S/C5H8/c1-2-5-3-4-5/h3H,2,4H2,1H3'
CYC3H3-3C2H5,CCC1C=C1,0,1,'InChI=1S/C5H8/c1-2-5-3-4-5/h3-5H,2H2,1H3',CYC3H3-3C2H5,'InChI=1S/C5H8/c1-2-5-3-4-5/h3-5H,2H2,1H3'
CYC3H4CHCH3,CC=C1CC1,0,1,'InChI=1S/C5H8/c1-2-5-3-4-5/h2H,3-4H2,1H3',CYC3H4CHCH3,'InChI=1S/C5H8/c1-2-5-3-4-5/h2H,3-4H2,1H3'
CYC3H5CHCH2,C=CC1CC1,0,1,'InChI=1S/C5H8/c1-2-5-3-4-5/h2,5H,1,3-4H2',CYC3H5CHCH2,'InChI=1S/C5H8/c1-2-5-3-4-5/h2,5H,1,3-4H2'
AC5H9-A2,CCC([CH2])=C,0,2,'InChI=1S/C5H9/c1-4-5(2)3/h2-4H2,1H3',AC5H9-A2,'InChI=1S/C5H9/c1-4-5(2)3/h2-4H2,1H3'
AC5H9-C-Z,[CH2]/C(C)=C/C,0,2,'AMChI=1/C5H9/c1-5(3)4-2/h4H,1H2,2-3H3/b5-4-',AC5H9-C,'InChI=1S/C5H9/c1-4-5(2)3/h4H,2H2,1,3H3'
AC5H9-C-E,[CH2]/C(C)=C\C,0,2,'AMChI=1/C5H9/c1-5(3)4-2/h4H,1H2,2-3H3/b5-4+',AC5H9-C,'InChI=1S/C5H9/c1-4-5(2)3/h4H,2H2,1,3H3'
AC5H9-D,[CH2]CC(=C)C,0,2,'InChI=1S/C5H9/c1-4-5(2)3/h1-2,4H2,3H3',AC5H9-D,'InChI=1S/C5H9/c1-4-5(2)3/h1-2,4H2,3H3'
C5H91-1-Z,[H]/[C]=C\CCC,0,2,'AMChI=1/C5H9/c1-3-5-4-2/h1,3H,4-5H2,2H3/b3-1-',C5H91-1,'InChI=1S/C5H9/c1-3-5-4-2/h1,3H,4-5H2,2H3'
C5H91-1-E,[H]/[C]=C/CCC,0,2,'AMChI=1/C5H9/c1-3-5-4-2/h1,3H,4-5H2,2H3/b3-1+',C5H91-1,'InChI=1S/C5H9/c1-3-5-4-2/h1,3H,4-5H2,2H3'
C5H91-2,C=[C]CCC,0,2,'InChI=1S/C5H9/c1-3-5-4-2/h1,4-5H2,2H3',C5H91-2,'InChI=1S/C5H9/c1-3-5-4-2/h1,4-5H2,2H3'
C5H91-3-Z,[CH2]/C=C\CC,0,2,'AMChI=1/C5H9/c1-3-4-5-2/h3-4H,1,5H2,2H3/b4-3-',C5H91-3,'InChI=1S/C5H9/c1-3-5-4-2/h3,5H,1,4H2,2H3'
C5H91-3-E,[CH2]/C=C/CC,0,2,'AMChI=1/C5H9/c1-3-4-5-2/h3-4H,1,5H2,2H3/b4-3+',C5H91-3,'InChI=1S/C5H9/c1-3-5-4-2/h3,5H,1,4H2,2H3'
C5H91-4,C=CC[CH]C,0,2,'InChI=1S/C5H9/c1-3-5-4-2/h3-4H,1,5H2,2H3',C5H91-4,'InChI=1S/C5H9/c1-3-5-4-2/h3-4H,1,5H2,2H3'
C5H91-5,C=CCC[CH2],0,2,'InChI=1S/C5H9/c1-3-5-4-2/h3H,1-2,4-5H2',C5H91-5,'InChI=1S/C5H9/c1-3-5-4-2/h3H,1-2,4-5H2'
C5H92-2-Z,C/[C]=C\CC,0,2,'AMChI=1/C5H9/c1-3-4-5-2/h4H,5H2,1-2H3/b4-3-',C5H92-2,'InChI=1S/C5H9/c1-3-5-4-2/h5H,3H2,1-2H3'
C5H92-2-E,C/[C]=C/CC,0,2,'AMChI=1/C5H9/c1-3-4-5-2/h4H,5H2,1-2H3/b4-3+',C5H92-2,'InChI=1S/C5H9/c1-3-5-4-2/h5H,3H2,1-2H3'
C5H92-3-Z,C/C=[C]\CC,0,2,'AMChI=1/C5H9/c1-4-3-5-2/h4H,5H2,1-2H3/b4-3-',C5H92-3,'InChI=1S/C5H9/c1-3-5-4-2/h3H,4H2,1-2H3'
C5H92-3-E,C/C=[C]/CC,0,2,'AMChI=1/C5H9/c1-4-3-5-2/h4H,5H2,1-2H3/b4-3+',C5H92-3,'InChI=1S/C5H9/c1-3-5-4-2/h3H,4H2,1-2H3'
C5H92-4-ZZ,C/[CH]/C=\C\C,0,2,'AMChI=1/C5H9/c1-3-5-4-2/h3-5H,1-2H3/b5-3-,5-4-',C5H92-4,'InChI=1S/C5H9/c1-3-5-4-2/h3-5H,1-2H3'
C5H92-4-ZE,C/[CH]/C=\C/C,0,2,'AMChI=1/C5H9/c1-3-5-4-2/h3-5H,1-2H3/b5-3-,5-4+',C5H92-4,'InChI=1S/C5H9/c1-3-5-4-2/h3-5H,1-2H3'
C5H92-4-EE,C/[CH]/C=/C/C,0,2,'AMChI=1/C5H9/c1-3-5-4-2/h3-5H,1-2H3/b5-3+,5-4+',C5H92-4,'InChI=1S/C5H9/c1-3-5-4-2/h3-5H,1-2H3'
C5H92-5-Z,[CH2]C/C=C\C,0,2,'InChI=1S/C5H9/c1-3-5-4-2/h4-5H,1,3H2,2H3/b5-4-',C5H92-5,'InChI=1S/C5H9/c1-3-5-4-2/h4-5H,1,3H2,2H3'
C5H92-5-E,[CH2]C/C=C/C,0,2,'InChI=1S/C5H9/c1-3-5-4-2/h4-5H,1,3H2,2H3/b5-4+',C5H92-5,'InChI=1S/C5H9/c1-3-5-4-2/h4-5H,1,3H2,2H3'
CC5H9-A-A0,C=C[C@@H]([CH2])C,0,2,'InChI=1S/C5H9/c1-4-5(2)3/h4-5H,1-2H2,3H3/t5-/m0/s1',CC5H9-A,'InChI=1S/C5H9/c1-4-5(2)3/h4-5H,1-2H2,3H3'
CC5H9-A-A1,C=C[C@H]([CH2])C,0,2,'InChI=1S/C5H9/c1-4-5(2)3/h4-5H,1-2H2,3H3/t5-/m1/s1',CC5H9-A,'InChI=1S/C5H9/c1-4-5(2)3/h4-5H,1-2H2,3H3'
CC5H9-B,[CH2]C=C(C)C,0,2,'InChI=1S/C5H9/c1-4-5(2)3/h4H,1H2,2-3H3',CC5H9-B,'InChI=1S/C5H9/c1-4-5(2)3/h4H,1H2,2-3H3'
CH2CYC3H4CH3-AA0,[CH2][C@@H]1[C@@H](C)C1,0,2,'InChI=1S/C5H9/c1-4-3-5(4)2/h4-5H,1,3H2,2H3/t4-,5-/m0/s1',CH2CYC3H4CH3,'InChI=1S/C5H9/c1-4-3-5(4)2/h4-5H,1,3H2,2H3'
CH2CYC3H4CH3-AB0,[CH2][C@@H]1[C@H](C)C1,0,2,'InChI=1S/C5H9/c1-4-3-5(4)2/h4-5H,1,3H2,2H3/t4-,5+/m0/s1',CH2CYC3H4CH3,'InChI=1S/C5H9/c1-4-3-5(4)2/h4-5H,1,3H2,2H3'
CH2CYC3H4CH3-AB1,[CH2][C@H]1[C@@H](C)C1,0,2,'InChI=1S/C5H9/c1-4-3-5(4)2/h4-5H,1,3H2,2H3/t4-,5+/m1/s1',CH2CYC3H4CH3,'InChI=1S/C5H9/c1-4-3-5(4)2/h4-5H,1,3H2,2H3'
CH2CYC3H4CH3-AA1,[CH2][C@H]1[C@H](C)C1,0,2,'InChI=1S/C5H9/c1-4-3-5(4)2/h4-5H,1,3H2,2H3/t4-,5-/m1/s1',CH2CYC3H4CH3,'InChI=1S/C5H9/c1-4-3-5(4)2/h4-5H,1,3H2,2H3'
CH3CYC3H3CH3-A0,C[C@@H]1[C](C)C1,0,2,'InChI=1S/C5H9/c1-4-3-5(4)2/h4H,3H2,1-2H3/t4-/m0/s1',CH3CYC3H3CH3,'InChI=1S/C5H9/c1-4-3-5(4)2/h4H,3H2,1-2H3'
CH3CYC3H3CH3-A1,C[C@H]1[C](C)C1,0,2,'InChI=1S/C5H9/c1-4-3-5(4)2/h4H,3H2,1-2H3/t4-/m1/s1',CH3CYC3H3CH3,'InChI=1S/C5H9/c1-4-3-5(4)2/h4H,3H2,1-2H3'
CH3CYC3H3CH3-3-AA0,C[C@@H]1[C@@H](C)[CH]1,0,2,'InChI=1S/C5H9/c1-4-3-5(4)2/h3-5H,1-2H3/t4-,5-/m0/s1',CH3CYC3H3CH3-3,'InChI=1S/C5H9/c1-4-3-5(4)2/h3-5H,1-2H3'
CH3CYC3H3CH3-3-AB,C[C@@H]1[C@H](C)[CH]1,0,2,'InChI=1S/C5H9/c1-4-3-5(4)2/h3-5H,1-2H3/t4-,5+',CH3CYC3H3CH3-3,'InChI=1S/C5H9/c1-4-3-5(4)2/h3-5H,1-2H3'
CH3CYC3H3CH3-3-AA1,C[C@H]1[C@H](C)[CH]1,0,2,'InChI=1S/C5H9/c1-4-3-5(4)2/h3-5H,1-2H3/t4-,5-/m1/s1',CH3CYC3H3CH3-3,'InChI=1S/C5H9/c1-4-3-5(4)2/h3-5H,1-2H3'
CYC3H4C2H5-1,CC[C]1CC1,0,2,'InChI=1S/C5H9/c1-2-5-3-4-5/h2-4H2,1H3',CYC3H4C2H5-1,'InChI=1S/C5H9/c1-2-5-3-4-5/h2-4H2,1H3'
CYC3H4C2H5-2-A1,CC[C@H]1C[CH]1,0,2,'InChI=1S/C5H9/c1-2-5-3-4-5/h3,5H,2,4H2,1H3/t5-/m1/s1',CYC3H4C2H5-2,'InChI=1S/C5H9/c1-2-5-3-4-5/h3,5H,2,4H2,1H3'
CYC3H4C2H5-2-A0,CC[C@@H]1C[CH]1,0,2,'InChI=1S/C5H9/c1-2-5-3-4-5/h3,5H,2,4H2,1H3/t5-/m0/s1',CYC3H4C2H5-2,'InChI=1S/C5H9/c1-2-5-3-4-5/h3,5H,2,4H2,1H3'
CYC3H5CHCH3,C[CH]C1CC1,0,2,'InChI=1S/C5H9/c1-2-5-3-4-5/h2,5H,3-4H2,1H3',CYC3H5CHCH3,'InChI=1S/C5H9/c1-2-5-3-4-5/h2,5H,3-4H2,1H3'
CYC4H6-2-CH3-A0,C[C@@H]1CC[CH]1,0,2,'InChI=1S/C5H9/c1-5-3-2-4-5/h3,5H,2,4H2,1H3/t5-/m0/s1',CYC4H6-2-CH3,'InChI=1S/C5H9/c1-5-3-2-4-5/h3,5H,2,4H2,1H3'
CYC4H6-2-CH3-A1,C[C@H]1CC[CH]1,0,2,'InChI=1S/C5H9/c1-5-3-2-4-5/h3,5H,2,4H2,1H3/t5-/m1/s1',CYC4H6-2-CH3,'InChI=1S/C5H9/c1-5-3-2-4-5/h3,5H,2,4H2,1H3'
CYC4H6-3-CH3,CC1C[CH]C1,0,2,'InChI=1S/C5H9/c1-5-3-2-4-5/h2,5H,3-4H2,1H3',CYC4H6-3-CH3,'InChI=1S/C5H9/c1-5-3-2-4-5/h2,5H,3-4H2,1H3'
CYC5H9,[CH]1CCCC1,0,2,'InChI=1S/C5H9/c1-2-4-5-3-1/h1H,2-5H2',CYC5H9,'InChI=1S/C5H9/c1-2-4-5-3-1/h1H,2-5H2'
AC5H10,CCC(=C)C,0,1,'InChI=1S/C5H10/c1-4-5(2)3/h2,4H2,1,3H3',AC5H10,'InChI=1S/C5H10/c1-4-5(2)3/h2,4H2,1,3H3'
BC5H10,CC=C(C)C,0,1,'InChI=1S/C5H10/c1-4-5(2)3/h4H,1-3H3',BC5H10,'InChI=1S/C5H10/c1-4-5(2)3/h4H,1-3H3'
C5H10-1,C=CCCC,0,1,'InChI=1S/C5H10/c1-3-5-4-2/h3H,1,4-5H2,2H3',C5H10-1,'InChI=1S/C5H10/c1-3-5-4-2/h3H,1,4-5H2,2H3'
C5H10-2-Z,C/C=C\CC,0,1,'InChI=1S/C5H10/c1-3-5-4-2/h3,5H,4H2,1-2H3/b5-3-',C5H10-2,'InChI=1S/C5H10/c1-3-5-4-2/h3,5H,4H2,1-2H3'
C5H10-2-E,C/C=C/CC,0,1,'InChI=1S/C5H10/c1-3-5-4-2/h3,5H,4H2,1-2H3/b5-3+',C5H10-2,'InChI=1S/C5H10/c1-3-5-4-2/h3,5H,4H2,1-2H3'
CC5H10,C=CC(C)C,0,1,'InChI=1S/C5H10/c1-4-5(2)3/h4-5H,1H2,2-3H3',CC5H10,'InChI=1S/C5H10/c1-4-5(2)3/h4-5H,1H2,2-3H3'
AC5H11-A0,CC[C@@H]([CH2])C,0,2,'InChI=1S/C5H11/c1-4-5(2)3/h5H,2,4H2,1,3H3/t5-/m0/s1',AC5H11,'InChI=1S/C5H11/c1-4-5(2)3/h5H,2,4H2,1,3H3'
AC5H11-A1,CC[C@H]([CH2])C,0,2,'InChI=1S/C5H11/c1-4-5(2)3/h5H,2,4H2,1,3H3/t5-/m1/s1',AC5H11,'InChI=1S/C5H11/c1-4-5(2)3/h5H,2,4H2,1,3H3'
BC5H11,CC[C](C)C,0,2,'InChI=1S/C5H11/c1-4-5(2)3/h4H2,1-3H3',BC5H11,'InChI=1S/C5H11/c1-4-5(2)3/h4H2,1-3H3'
C5H11-1,[CH2]CCCC,0,2,'InChI=1S/C5H11/c1-3-5-4-2/h1,3-5H2,2H3',C5H11-1,'InChI=1S/C5H11/c1-3-5-4-2/h1,3-5H2,2H3'
C5H11-2,C[CH]CCC,0,2,'InChI=1S/C5H11/c1-3-5-4-2/h3H,4-5H2,1-2H3',C5H11-2,'InChI=1S/C5H11/c1-3-5-4-2/h3H,4-5H2,1-2H3'
C5H11-3,CC[CH]CC,0,2,'InChI=1S/C5H11/c1-3-5-4-2/h5H,3-4H2,1-2H3',C5H11-3,'InChI=1S/C5H11/c1-3-5-4-2/h5H,3-4H2,1-2H3'
CC5H11,C[CH]C(C)C,0,2,'InChI=1S/C5H11/c1-4-5(2)3/h4-5H,1-3H3',CC5H11,'InChI=1S/C5H11/c1-4-5(2)3/h4-5H,1-3H3'
DC5H11,[CH2]CC(C)C,0,2,'InChI=1S/C5H11/c1-4-5(2)3/h5H,1,4H2,2-3H3',DC5H11,'InChI=1S/C5H11/c1-4-5(2)3/h5H,1,4H2,2-3H3'
NEOC5H11,[CH2]C(C)(C)C,0,2,'InChI=1S/C5H11/c1-5(2,3)4/h1H2,2-4H3',NEOC5H11,'InChI=1S/C5H11/c1-5(2,3)4/h1H2,2-4H3'
IC5H12,CCC(C)C,0,1,'InChI=1S/C5H12/c1-4-5(2)3/h5H,4H2,1-3H3',IC5H12,'InChI=1S/C5H12/c1-4-5(2)3/h5H,4H2,1-3H3'
NC5H12,CCCCC,0,1,'InChI=1S/C5H12/c1-3-5-4-2/h3-5H2,1-2H3',NC5H12,'InChI=1S/C5H12/c1-3-5-4-2/h3-5H2,1-2H3'
NEOC5H12,CC(C)(C)C,0,1,'InChI=1S/C5H12/c1-5(2,3)4/h1-4H3',NEOC5H12,'InChI=1S/C5H12/c1-5(2,3)4/h1-4H3'
C6H2,C#CC#CC#C,0,1,InChI=1S/C6H2/c1-3-5-6-4-2/h1-2H,C6H2,InChI=1S/C6H2/c1-3-5-6-4-2/h1-2H
C6H3,C#CC=C=C=[CH],0,2,'InChI=1S/C6H3/c1-3-5-6-4-2/h1-2,5H',C6H3,'InChI=1S/C6H3/c1-3-5-6-4-2/h1-2,5H'
C6H3,C#CC=C=C=[CH],0,2,'InChI=1S/C6H3/c1-3-5-6-4-2/h1-2,5H',C6H3,'InChI=1S/C6H3/c1-3-5-6-4-2/h1-2,5H'
C-C6H4,C1=CC#CC=C1,0,1,InChI=1S/C6H4/c1-2-4-6-5-3-1/h1-4H,C-C6H4,InChI=1S/C6H4/c1-2-4-6-5-3-1/h1-4H
L-C6H4-Z,C#C/C=C\C#C,0,1,'InChI=1S/C6H4/c1-3-5-6-4-2/h1-2,5-6H/b6-5-',L-C6H4,'InChI=1S/C6H4/c1-3-5-6-4-2/h1-2,5-6H'
L-C6H4-E,C#C/C=C/C#C,0,1,'InChI=1S/C6H4/c1-3-5-6-4-2/h1-2,5-6H/b6-5+',L-C6H4,'InChI=1S/C6H4/c1-3-5-6-4-2/h1-2,5-6H'
C6H5,C1[CH]C=C=CC=1,0,2,InChI=1S/C6H5/c1-2-4-6-5-3-1/h1-5H,C6H5,InChI=1S/C6H5/c1-2-4-6-5-3-1/h1-5H
C6H6,C1=CC=CC=C1,0,1,InChI=1S/C6H6/c1-2-4-6-5-3-1/h1-6H,C6H6,InChI=1S/C6H6/c1-2-4-6-5-3-1/h1-6H
FULVENE,C=C1C=CC=C1,0,1,'InChI=1S/C6H6/c1-6-4-2-3-5-6/h2-5H,1H2',FULVENE,'InChI=1S/C6H6/c1-6-4-2-3-5-6/h2-5H,1H2'
C5H4CH3,CC1=CC=C[CH]1,0,2,'InChI=1S/C6H7/c1-6-4-2-3-5-6/h2-5H,1H3',C5H4CH3,'InChI=1S/C6H7/c1-6-4-2-3-5-6/h2-5H,1H3'
C5H5CH2,[CH2]C1C=CC=C1,0,2,'InChI=1S/C6H7/c1-6-4-2-3-5-6/h2-6H,1H2',C5H5CH2,'InChI=1S/C6H7/c1-6-4-2-3-5-6/h2-6H,1H2'
C5H5CH2-1,C=C1C[CH]C=C1,0,2,'InChI=1S/C6H7/c1-6-4-2-3-5-6/h2-4H,1,5H2',C5H5CH2-1,'InChI=1S/C6H7/c1-6-4-2-3-5-6/h2-4H,1,5H2'
C5H5CH2-2,[CH2]C1=CCC=C1,0,2,'InChI=1S/C6H7/c1-6-4-2-3-5-6/h2,4-5H,1,3H2',C5H5CH2-2,'InChI=1S/C6H7/c1-6-4-2-3-5-6/h2,4-5H,1,3H2'
CYC6H7,C1C=CC[CH]C=1,0,2,'InChI=1S/C6H7/c1-2-4-6-5-3-1/h1-5H,6H2',CYC6H7,'InChI=1S/C6H7/c1-2-4-6-5-3-1/h1-5H,6H2'
C5H5CH3,CC1C=CC=C1,0,1,'InChI=1S/C6H8/c1-6-4-2-3-5-6/h2-6H,1H3',C5H5CH3,'InChI=1S/C6H8/c1-6-4-2-3-5-6/h2-6H,1H3'
C5H5CH3-1,CC1CC=CC=1,0,1,'InChI=1S/C6H8/c1-6-4-2-3-5-6/h2-4H,5H2,1H3',C5H5CH3-1,'InChI=1S/C6H8/c1-6-4-2-3-5-6/h2-4H,5H2,1H3'
C5H5CH3-2,CC1=CCC=C1,0,1,'InChI=1S/C6H8/c1-6-4-2-3-5-6/h2,4-5H,3H2,1H3',C5H5CH3-2,'InChI=1S/C6H8/c1-6-4-2-3-5-6/h2,4-5H,3H2,1H3'
C6H8-Z,C=C/C=C\C=C,0,1,'InChI=1S/C6H8/c1-3-5-6-4-2/h3-6H,1-2H2/b6-5-',C6H8,'InChI=1S/C6H8/c1-3-5-6-4-2/h3-6H,1-2H2'
C6H8-E,C=C/C=C/C=C,0,1,'InChI=1S/C6H8/c1-3-5-6-4-2/h3-6H,1-2H2/b6-5+',C6H8,'InChI=1S/C6H8/c1-3-5-6-4-2/h3-6H,1-2H2'
CYHEXDN13,C1=CCCC=C1,0,1,'InChI=1S/C6H8/c1-2-4-6-5-3-1/h1-4H,5-6H2',CYHEXDN13,'InChI=1S/C6H8/c1-2-4-6-5-3-1/h1-4H,5-6H2'
CYHEXDN14,C1CC=CCC=1,0,1,'InChI=1S/C6H8/c1-2-4-6-5-3-1/h1-2,5-6H,3-4H2',CYHEXDN14,'InChI=1S/C6H8/c1-2-4-6-5-3-1/h1-2,5-6H,3-4H2'
CYPENTN-4MTHNE,C=C1CC=CC1,0,1,'InChI=1S/C6H8/c1-6-4-2-3-5-6/h2-3H,1,4-5H2',CYPENTN-4MTHNE,'InChI=1S/C6H8/c1-6-4-2-3-5-6/h2-3H,1,4-5H2'
C6H9-A-Z,[CH2]/C=C\CC=C,0,2,'AMChI=1/C6H9/c1-3-5-6-4-2/h3-5H,1-2,6H2/b5-3-',C6H9-A,'InChI=1S/C6H9/c1-3-5-6-4-2/h3-5H,1-2,6H2'
C6H9-A-E,[CH2]/C=C/CC=C,0,2,'AMChI=1/C6H9/c1-3-5-6-4-2/h3-5H,1-2,6H2/b5-3+',C6H9-A,'InChI=1S/C6H9/c1-3-5-6-4-2/h3-5H,1-2,6H2'
CYHEXEN-4J,C1C[CH]CCC=1,0,2,'InChI=1S/C6H9/c1-2-4-6-5-3-1/h1-2,5H,3-4,6H2',CYHEXEN-4J,'InChI=1S/C6H9/c1-2-4-6-5-3-1/h1-2,5H,3-4,6H2'
CYPENTN-4M3J-A0,C[C@@H]1C[CH]C=C1,0,2,'InChI=1S/C6H9/c1-6-4-2-3-5-6/h2-4,6H,5H2,1H3/t6-/m0/s1',CYPENTN-4M3J,'InChI=1S/C6H9/c1-6-4-2-3-5-6/h2-4,6H,5H2,1H3'
CYPENTN-4M3J-A1,C[C@H]1C[CH]C=C1,0,2,'InChI=1S/C6H9/c1-6-4-2-3-5-6/h2-4,6H,5H2,1H3/t6-/m1/s1',CYPENTN-4M3J,'InChI=1S/C6H9/c1-6-4-2-3-5-6/h2-4,6H,5H2,1H3'
CYPENTN-4M4J,C[C]1CC=CC1,0,2,'InChI=1S/C6H9/c1-6-4-2-3-5-6/h2-3H,4-5H2,1H3',CYPENTN-4M4J,'InChI=1S/C6H9/c1-6-4-2-3-5-6/h2-3H,4-5H2,1H3'
CYPENTN-4MJ,[CH2]C1CC=CC1,0,2,'InChI=1S/C6H9/c1-6-4-2-3-5-6/h2-3,6H,1,4-5H2',CYPENTN-4MJ,'InChI=1S/C6H9/c1-6-4-2-3-5-6/h2-3,6H,1,4-5H2'
I3C6D13-5-Z,C=C/C([CH2])=C\C,0,2,'AMChI=1/C6H9/c1-4-6(2)5-3/h4-5H,1-2H2,3H3/b6-5-',I3C6D13-5,'InChI=1S/C6H9/c1-4-6(3)5-2/h4-5H,1,3H2,2H3'
I3C6D13-5-E,C=C/C([CH2])=C/C,0,2,'AMChI=1/C6H9/c1-4-6(2)5-3/h4-5H,1-2H2,3H3/b6-5+',I3C6D13-5,'InChI=1S/C6H9/c1-4-6(3)5-2/h4-5H,1,3H2,2H3'
I3C6D13-6,C=CC(=C)C[CH2],0,2,'InChI=1S/C6H9/c1-4-6(3)5-2/h4H,1-3,5H2',I3C6D13-6,'InChI=1S/C6H9/c1-4-6(3)5-2/h4H,1-3,5H2'
I3C6D15-4,C=CC([CH2])C=C,0,2,'InChI=1S/C6H9/c1-4-6(3)5-2/h4-6H,1-3H2',I3C6D15-4,'InChI=1S/C6H9/c1-4-6(3)5-2/h4-6H,1-3H2'
IC6D13-1AR-Z,C/C=C\C(=C)[CH2],0,2,'InChI=1S/C6H9/c1-4-5-6(2)3/h4-5H,2-3H2,1H3/b5-4-',IC6D13-1AR,'InChI=1S/C6H9/c1-4-5-6(2)3/h4-5H,2-3H2,1H3'
IC6D13-1AR-E,C/C=C/C(=C)[CH2],0,2,'InChI=1S/C6H9/c1-4-5-6(2)3/h4-5H,2-3H2,1H3/b5-4+',IC6D13-1AR,'InChI=1S/C6H9/c1-4-5-6(2)3/h4-5H,2-3H2,1H3'
IC6D13-5R-ZZ,[CH2]/C=/C\C(=C)\C,0,2,'AMChI=1/C6H9/c1-4-5-6(2)3/h4-5H,1-2H2,3H3/b5-4-,6-5-',IC6D13-5R,'InChI=1S/C6H9/c1-4-5-6(2)3/h4-5H,1-2H2,3H3'
IC6D13-5R-ZE,[CH2]/C=/C\C(=C)/C,0,2,'AMChI=1/C6H9/c1-4-5-6(2)3/h4-5H,1-2H2,3H3/b5-4-,6-5+',IC6D13-5R,'InChI=1S/C6H9/c1-4-5-6(2)3/h4-5H,1-2H2,3H3'
IC6D13-5R-EZ,[CH2]/C=/C/C(=C)\C,0,2,'AMChI=1/C6H9/c1-4-5-6(2)3/h4-5H,1-2H2,3H3/b5-4+,6-5-',IC6D13-5R,'InChI=1S/C6H9/c1-4-5-6(2)3/h4-5H,1-2H2,3H3'
IC6D13-5R-EE,[CH2]/C=/C/C(=C)/C,0,2,'AMChI=1/C6H9/c1-4-5-6(2)3/h4-5H,1-2H2,3H3/b5-4+,6-5+',IC6D13-5R,'InChI=1S/C6H9/c1-4-5-6(2)3/h4-5H,1-2H2,3H3'
IC6D14-1,C=CCC(=C)[CH2],0,2,'InChI=1S/C6H9/c1-4-5-6(2)3/h4H,1-3,5H2',IC6D14-1,'InChI=1S/C6H9/c1-4-5-6(2)3/h4H,1-3,5H2'
XC6D13-1AR,[CH2]C(=C)C(=C)C,0,2,'InChI=1S/C6H9/c1-5(2)6(3)4/h1-3H2,4H3',XC6D13-1AR,'InChI=1S/C6H9/c1-5(2)6(3)4/h1-3H2,4H3'
C6H101-5,C=CCCC=C,0,1,'InChI=1S/C6H10/c1-3-5-6-4-2/h3-4H,1-2,5-6H2',C6H101-5,'InChI=1S/C6H10/c1-3-5-6-4-2/h3-4H,1-2,5-6H2'
C6H10D13-Z,C=C/C=C\CC,0,1,'InChI=1S/C6H10/c1-3-5-6-4-2/h3,5-6H,1,4H2,2H3/b6-5-',C6H10D13,'InChI=1S/C6H10/c1-3-5-6-4-2/h3,5-6H,1,4H2,2H3'
C6H10D13-E,C=C/C=C/CC,0,1,'InChI=1S/C6H10/c1-3-5-6-4-2/h3,5-6H,1,4H2,2H3/b6-5+',C6H10D13,'InChI=1S/C6H10/c1-3-5-6-4-2/h3,5-6H,1,4H2,2H3'
C6H10D14-Z,C=CC/C=C\C,0,1,'InChI=1S/C6H10/c1-3-5-6-4-2/h3-4,6H,1,5H2,2H3/b6-4-',C6H10D14,'InChI=1S/C6H10/c1-3-5-6-4-2/h3-4,6H,1,5H2,2H3'
C6H10D14-E,C=CC/C=C/C,0,1,'InChI=1S/C6H10/c1-3-5-6-4-2/h3-4,6H,1,5H2,2H3/b6-4+',C6H10D14,'InChI=1S/C6H10/c1-3-5-6-4-2/h3-4,6H,1,5H2,2H3'
C6H10D24-ZZ,C/C=C\C=C/C,0,1,'InChI=1S/C6H10/c1-3-5-6-4-2/h3-6H,1-2H3/b5-3-,6-4-',C6H10D24,'InChI=1S/C6H10/c1-3-5-6-4-2/h3-6H,1-2H3'
C6H10D24-ZE,C/C=C\C=C\C,0,1,'InChI=1S/C6H10/c1-3-5-6-4-2/h3-6H,1-2H3/b5-3-,6-4+',C6H10D24,'InChI=1S/C6H10/c1-3-5-6-4-2/h3-6H,1-2H3'
C6H10D24-EE,C/C=C/C=C/C,0,1,'InChI=1S/C6H10/c1-3-5-6-4-2/h3-6H,1-2H3/b5-3+,6-4+',C6H10D24,'InChI=1S/C6H10/c1-3-5-6-4-2/h3-6H,1-2H3'
IC6D13-Z,C/C=C\C(=C)C,0,1,'InChI=1S/C6H10/c1-4-5-6(2)3/h4-5H,2H2,1,3H3/b5-4-',IC6D13,'InChI=1S/C6H10/c1-4-5-6(2)3/h4-5H,2H2,1,3H3'
IC6D13-E,C/C=C/C(=C)C,0,1,'InChI=1S/C6H10/c1-4-5-6(2)3/h4-5H,2H2,1,3H3/b5-4+',IC6D13,'InChI=1S/C6H10/c1-4-5-6(2)3/h4-5H,2H2,1,3H3'
IC6D24,C=CC=C(C)C,0,1,'InChI=1S/C6H10/c1-4-5-6(2)3/h4-5H,1H2,2-3H3',IC6D24,'InChI=1S/C6H10/c1-4-5-6(2)3/h4-5H,1H2,2-3H3'
XC6D13,C=C(C)C(=C)C,0,1,'InChI=1S/C6H10/c1-5(2)6(3)4/h1,3H2,2,4H3',XC6D13,'InChI=1S/C6H10/c1-5(2)6(3)4/h1,3H2,2,4H3'
C6H111-3-Z,[CH2]/C=C\CCC,0,2,'AMChI=1/C6H11/c1-3-4-6-5-2/h3-4H,1,5-6H2,2H3/b4-3-',C6H111-3,'InChI=1S/C6H11/c1-3-5-6-4-2/h3,5H,1,4,6H2,2H3'
C6H111-3-E,[CH2]/C=C/CCC,0,2,'AMChI=1/C6H11/c1-3-4-6-5-2/h3-4H,1,5-6H2,2H3/b4-3+',C6H111-3,'InChI=1S/C6H11/c1-3-5-6-4-2/h3,5H,1,4,6H2,2H3'
C6H111-4,C=CC[CH]CC,0,2,'InChI=1S/C6H11/c1-3-5-6-4-2/h3,6H,1,4-5H2,2H3',C6H111-4,'InChI=1S/C6H11/c1-3-5-6-4-2/h3,6H,1,4-5H2,2H3'
C6H111-5,C=CCC[CH]C,0,2,'InChI=1S/C6H11/c1-3-5-6-4-2/h3-4H,1,5-6H2,2H3',C6H111-5,'InChI=1S/C6H11/c1-3-5-6-4-2/h3-4H,1,5-6H2,2H3'
C6H111-6,C=CCCC[CH2],0,2,'InChI=1S/C6H11/c1-3-5-6-4-2/h3H,1-2,4-6H2',C6H111-6,'InChI=1S/C6H11/c1-3-5-6-4-2/h3H,1-2,4-6H2'
C6H112-4-ZZ,C/[CH]/C=\C\CC,0,2,'AMChI=1/C6H11/c1-3-4-5-6-2/h3-5H,6H2,1-2H3/b4-3-,5-4-',C6H112-4,'InChI=1S/C6H11/c1-3-5-6-4-2/h3,5-6H,4H2,1-2H3'
C6H112-4-ZE,C/[CH]/C=\C/CC,0,2,'AMChI=1/C6H11/c1-3-4-5-6-2/h3-5H,6H2,1-2H3/b4-3-,5-4+',C6H112-4,'InChI=1S/C6H11/c1-3-5-6-4-2/h3,5-6H,4H2,1-2H3'
C6H112-4-EZ,C/[CH]/C=/C\CC,0,2,'AMChI=1/C6H11/c1-3-4-5-6-2/h3-5H,6H2,1-2H3/b4-3+,5-4-',C6H112-4,'InChI=1S/C6H11/c1-3-5-6-4-2/h3,5-6H,4H2,1-2H3'
C6H112-4-EE,C/[CH]/C=/C/CC,0,2,'AMChI=1/C6H11/c1-3-4-5-6-2/h3-5H,6H2,1-2H3/b4-3+,5-4+',C6H112-4,'InChI=1S/C6H11/c1-3-5-6-4-2/h3,5-6H,4H2,1-2H3'
C6H112-5-Z,C/C=C\C[CH]C,0,2,'InChI=1S/C6H11/c1-3-5-6-4-2/h3-5H,6H2,1-2H3/b5-3-',C6H112-5,'InChI=1S/C6H11/c1-3-5-6-4-2/h3-5H,6H2,1-2H3'
C6H112-5-E,C/C=C/C[CH]C,0,2,'InChI=1S/C6H11/c1-3-5-6-4-2/h3-5H,6H2,1-2H3/b5-3+',C6H112-5,'InChI=1S/C6H11/c1-3-5-6-4-2/h3-5H,6H2,1-2H3'
C6H112-6-Z,[CH2]CC/C=C\C,0,2,'InChI=1S/C6H11/c1-3-5-6-4-2/h4,6H,1,3,5H2,2H3/b6-4-',C6H112-6,'InChI=1S/C6H11/c1-3-5-6-4-2/h4,6H,1,3,5H2,2H3'
C6H112-6-E,[CH2]CC/C=C/C,0,2,'InChI=1S/C6H11/c1-3-5-6-4-2/h4,6H,1,3,5H2,2H3/b6-4+',C6H112-6,'InChI=1S/C6H11/c1-3-5-6-4-2/h4,6H,1,3,5H2,2H3'
C6H113-1-Z,[CH2]C/C=C\CC,0,2,'InChI=1S/C6H11/c1-3-5-6-4-2/h5-6H,1,3-4H2,2H3/b6-5-',C6H113-1,'InChI=1S/C6H11/c1-3-5-6-4-2/h5-6H,1,3-4H2,2H3'
C6H113-1-E,[CH2]C/C=C/CC,0,2,'InChI=1S/C6H11/c1-3-5-6-4-2/h5-6H,1,3-4H2,2H3/b6-5+',C6H113-1,'InChI=1S/C6H11/c1-3-5-6-4-2/h5-6H,1,3-4H2,2H3'
I3C6D1-3-Z,[CH2]/C=C(C)\CC,0,2,'AMChI=1/C6H11/c1-4-6(3)5-2/h4H,1,5H2,2-3H3/b6-4-',I3C6D1-3,'InChI=1S/C6H11/c1-4-6(3)5-2/h4H,1,5H2,2-3H3'
I3C6D1-3-E,[CH2]/C=C(C)/CC,0,2,'AMChI=1/C6H11/c1-4-6(3)5-2/h4H,1,5H2,2-3H3/b6-4+',I3C6D1-3,'InChI=1S/C6H11/c1-4-6(3)5-2/h4H,1,5H2,2-3H3'
I3C6D1-4-A0,C=C[C@H]([CH2])CC,0,2,'InChI=1S/C6H11/c1-4-6(3)5-2/h4,6H,1,3,5H2,2H3/t6-/m0/s1',I3C6D1-4,'InChI=1S/C6H11/c1-4-6(3)5-2/h4,6H,1,3,5H2,2H3'
I3C6D1-4-A1,C=C[C@@H]([CH2])CC,0,2,'InChI=1S/C6H11/c1-4-6(3)5-2/h4,6H,1,3,5H2,2H3/t6-/m1/s1',I3C6D1-4,'InChI=1S/C6H11/c1-4-6(3)5-2/h4,6H,1,3,5H2,2H3'
I3C6D1-5-A0,C=C[C@H](C)[CH]C,0,2,'InChI=1S/C6H11/c1-4-6(3)5-2/h4-6H,1H2,2-3H3/t6-/m0/s1',I3C6D1-5,'InChI=1S/C6H11/c1-4-6(3)5-2/h4-6H,1H2,2-3H3'
I3C6D1-5-A1,C=C[C@@H](C)[CH]C,0,2,'InChI=1S/C6H11/c1-4-6(3)5-2/h4-6H,1H2,2-3H3/t6-/m1/s1',I3C6D1-5,'InChI=1S/C6H11/c1-4-6(3)5-2/h4-6H,1H2,2-3H3'
I3C6D1-6-A0,C=C[C@H](C)C[CH2],0,2,'InChI=1S/C6H11/c1-4-6(3)5-2/h4,6H,1-2,5H2,3H3/t6-/m0/s1',I3C6D1-6,'InChI=1S/C6H11/c1-4-6(3)5-2/h4,6H,1-2,5H2,3H3'
I3C6D1-6-A1,C=C[C@@H](C)C[CH2],0,2,'InChI=1S/C6H11/c1-4-6(3)5-2/h4,6H,1-2,5H2,3H3/t6-/m1/s1',I3C6D1-6,'InChI=1S/C6H11/c1-4-6(3)5-2/h4,6H,1-2,5H2,3H3'
I3C6D2-5-ZZ,C/[CH]/C(C)=\C\C,0,2,'AMChI=1/C6H11/c1-4-6(3)5-2/h4-5H,1-3H3/b6-4-,6-5-',I3C6D2-5,'InChI=1S/C6H11/c1-4-6(3)5-2/h4-5H,1-3H3'
I3C6D2-5-ZE,C/[CH]/C(C)=\C/C,0,2,'AMChI=1/C6H11/c1-4-6(3)5-2/h4-5H,1-3H3/b6-4-,6-5+',I3C6D2-5,'InChI=1S/C6H11/c1-4-6(3)5-2/h4-5H,1-3H3'
I3C6D2-5-EE,C/[CH]/C(C)=/C/C,0,2,'AMChI=1/C6H11/c1-4-6(3)5-2/h4-5H,1-3H3/b6-4+,6-5+',I3C6D2-5,'InChI=1S/C6H11/c1-4-6(3)5-2/h4-5H,1-3H3'
I3C6D2-6-Z,[CH2]C/C(C)=C\C,0,2,'InChI=1S/C6H11/c1-4-6(3)5-2/h5H,1,4H2,2-3H3/b6-5-',I3C6D2-6,'InChI=1S/C6H11/c1-4-6(3)5-2/h5H,1,4H2,2-3H3'
I3C6D2-6-E,[CH2]C/C(C)=C/C,0,2,'InChI=1S/C6H11/c1-4-6(3)5-2/h5H,1,4H2,2-3H3/b6-5+',I3C6D2-6,'InChI=1S/C6H11/c1-4-6(3)5-2/h5H,1,4H2,2-3H3'
I3C6D3-1,[CH2]CC(=C)CC,0,2,'InChI=1S/C6H11/c1-4-6(3)5-2/h1,3-5H2,2H3',I3C6D3-1,'InChI=1S/C6H11/c1-4-6(3)5-2/h1,3-5H2,2H3'
I3C6D3-2-Z,[CH2]/C(=C/C)CC,0,2,'AMChI=1/C6H11/c1-6(4-2)5-3/h4H,1,5H2,2-3H3/b6-4-',I3C6D3-2,'InChI=1S/C6H11/c1-4-6(3)5-2/h4H,3,5H2,1-2H3'
I3C6D3-2-E,[CH2]/C(=C\C)CC,0,2,'AMChI=1/C6H11/c1-6(4-2)5-3/h4H,1,5H2,2-3H3/b6-4+',I3C6D3-2,'InChI=1S/C6H11/c1-4-6(3)5-2/h4H,3,5H2,1-2H3'
IC6D1-1A,CCCC(=C)[CH2],0,2,'InChI=1S/C6H11/c1-4-5-6(2)3/h2-5H2,1H3',IC6D1-1A,'InChI=1S/C6H11/c1-4-5-6(2)3/h2-5H2,1H3'
IC6D1-3-Z,[CH2]/C(C)=C/CC,0,2,'AMChI=1/C6H11/c1-6(3)4-5-2/h4H,1,5H2,2-3H3/b6-4-',IC6D1-3,'InChI=1S/C6H11/c1-4-5-6(2)3/h5H,2,4H2,1,3H3'
IC6D1-3-E,[CH2]/C(C)=C\CC,0,2,'AMChI=1/C6H11/c1-6(3)4-5-2/h4H,1,5H2,2-3H3/b6-4+',IC6D1-3,'InChI=1S/C6H11/c1-4-5-6(2)3/h5H,2,4H2,1,3H3'
IC6D1-4,C[CH]CC(=C)C,0,2,'InChI=1S/C6H11/c1-4-5-6(2)3/h4H,2,5H2,1,3H3',IC6D1-4,'InChI=1S/C6H11/c1-4-5-6(2)3/h4H,2,5H2,1,3H3'
IC6D1-5,[CH2]CCC(=C)C,0,2,'InChI=1S/C6H11/c1-4-5-6(2)3/h1-2,4-5H2,3H3',IC6D1-5,'InChI=1S/C6H11/c1-4-5-6(2)3/h1-2,4-5H2,3H3'
IC6D2-5,[CH2]CC=C(C)C,0,2,'InChI=1S/C6H11/c1-4-5-6(2)3/h5H,1,4H2,2-3H3',IC6D2-5,'InChI=1S/C6H11/c1-4-5-6(2)3/h5H,1,4H2,2-3H3'
IC6D3-1-ZA0,C/C=C\[C@@H]([CH2])C,0,2,'InChI=1S/C6H11/c1-4-5-6(2)3/h4-6H,2H2,1,3H3/b5-4-/t6-/m0/s1',IC6D3-1,'InChI=1S/C6H11/c1-4-5-6(2)3/h4-6H,2H2,1,3H3'
IC6D3-1-EA0,C/C=C/[C@@H]([CH2])C,0,2,'InChI=1S/C6H11/c1-4-5-6(2)3/h4-6H,2H2,1,3H3/b5-4+/t6-/m0/s1',IC6D3-1,'InChI=1S/C6H11/c1-4-5-6(2)3/h4-6H,2H2,1,3H3'
IC6D3-1-ZA1,C/C=C\[C@H]([CH2])C,0,2,'InChI=1S/C6H11/c1-4-5-6(2)3/h4-6H,2H2,1,3H3/b5-4-/t6-/m1/s1',IC6D3-1,'InChI=1S/C6H11/c1-4-5-6(2)3/h4-6H,2H2,1,3H3'
IC6D3-1-EA1,C/C=C/[C@H]([CH2])C,0,2,'InChI=1S/C6H11/c1-4-5-6(2)3/h4-6H,2H2,1,3H3/b5-4+/t6-/m1/s1',IC6D3-1,'InChI=1S/C6H11/c1-4-5-6(2)3/h4-6H,2H2,1,3H3'
IC6D3-2-Z,C/C=C\[C](C)C,0,2,'AMChI=1/C6H11/c1-4-5-6(2)3/h4-5H,1-3H3/b5-4-',IC6D3-2,'InChI=1S/C6H11/c1-4-5-6(2)3/h4-5H,1-3H3'
IC6D3-2-E,C/C=C/[C](C)C,0,2,'AMChI=1/C6H11/c1-4-5-6(2)3/h4-5H,1-3H3/b5-4+',IC6D3-2,'InChI=1S/C6H11/c1-4-5-6(2)3/h4-5H,1-3H3'
IC6D4-1-A0,C=CC[C@@H]([CH2])C,0,2,'InChI=1S/C6H11/c1-4-5-6(2)3/h4,6H,1-2,5H2,3H3/t6-/m0/s1',IC6D4-1,'InChI=1S/C6H11/c1-4-5-6(2)3/h4,6H,1-2,5H2,3H3'
IC6D4-1-A1,C=CC[C@H]([CH2])C,0,2,'InChI=1S/C6H11/c1-4-5-6(2)3/h4,6H,1-2,5H2,3H3/t6-/m1/s1',IC6D4-1,'InChI=1S/C6H11/c1-4-5-6(2)3/h4,6H,1-2,5H2,3H3'
IC6D4-2,C=CC[C](C)C,0,2,'InChI=1S/C6H11/c1-4-5-6(2)3/h4H,1,5H2,2-3H3',IC6D4-2,'InChI=1S/C6H11/c1-4-5-6(2)3/h4H,1,5H2,2-3H3'
IC6D4-3-Z,[CH2]/C=C\C(C)C,0,2,'AMChI=1/C6H11/c1-4-5-6(2)3/h4-6H,1H2,2-3H3/b5-4-',IC6D4-3,'InChI=1S/C6H11/c1-4-5-6(2)3/h4-6H,1H2,2-3H3'
IC6D4-3-E,[CH2]/C=C/C(C)C,0,2,'AMChI=1/C6H11/c1-4-5-6(2)3/h4-6H,1H2,2-3H3/b5-4+',IC6D4-3,'InChI=1S/C6H11/c1-4-5-6(2)3/h4-6H,1H2,2-3H3'
NEC6D3-1,C=CC([CH2])(C)C,0,2,'InChI=1S/C6H11/c1-5-6(2,3)4/h5H,1-2H2,3-4H3',NEC6D3-1,'InChI=1S/C6H11/c1-5-6(2,3)4/h5H,1-2H2,3-4H3'
XC6D1-1A,[CH2]C(=C)C(C)C,0,2,'InChI=1S/C6H11/c1-5(2)6(3)4/h6H,1-2H2,3-4H3',XC6D1-1A,'InChI=1S/C6H11/c1-5(2)6(3)4/h6H,1-2H2,3-4H3'
XC6D1-3,[CH2]C(C)=C(C)C,0,2,'InChI=1S/C6H11/c1-5(2)6(3)4/h1H2,2-4H3',XC6D1-3,'InChI=1S/C6H11/c1-5(2)6(3)4/h1H2,2-4H3'
XC6D1-4-A0,[CH2][C@@H](C)C(=C)C,0,2,'InChI=1S/C6H11/c1-5(2)6(3)4/h5H,1,3H2,2,4H3/t5-/m0/s1',XC6D1-4,'InChI=1S/C6H11/c1-5(2)6(3)4/h5H,1,3H2,2,4H3'
XC6D1-4-A1,[CH2][C@H](C)C(=C)C,0,2,'InChI=1S/C6H11/c1-5(2)6(3)4/h5H,1,3H2,2,4H3/t5-/m1/s1',XC6D1-4,'InChI=1S/C6H11/c1-5(2)6(3)4/h5H,1,3H2,2,4H3'
C6H12-1,C=CCCCC,0,1,'InChI=1S/C6H12/c1-3-5-6-4-2/h3H,1,4-6H2,2H3',C6H12-1,'InChI=1S/C6H12/c1-3-5-6-4-2/h3H,1,4-6H2,2H3'
C6H12-2-Z,C/C=C\CCC,0,1,'InChI=1S/C6H12/c1-3-5-6-4-2/h3,5H,4,6H2,1-2H3/b5-3-',C6H12-2,'InChI=1S/C6H12/c1-3-5-6-4-2/h3,5H,4,6H2,1-2H3'
C6H12-2-E,C/C=C/CCC,0,1,'InChI=1S/C6H12/c1-3-5-6-4-2/h3,5H,4,6H2,1-2H3/b5-3+',C6H12-2,'InChI=1S/C6H12/c1-3-5-6-4-2/h3,5H,4,6H2,1-2H3'
C6H12-3-Z,CC/C=C\CC,0,1,'InChI=1S/C6H12/c1-3-5-6-4-2/h5-6H,3-4H2,1-2H3/b6-5-',C6H12-3,'InChI=1S/C6H12/c1-3-5-6-4-2/h5-6H,3-4H2,1-2H3'
C6H12-3-E,CC/C=C/CC,0,1,'InChI=1S/C6H12/c1-3-5-6-4-2/h5-6H,3-4H2,1-2H3/b6-5+',C6H12-3,'InChI=1S/C6H12/c1-3-5-6-4-2/h5-6H,3-4H2,1-2H3'
I3C6D1-A0,C=C[C@H](C)CC,0,1,'InChI=1S/C6H12/c1-4-6(3)5-2/h4,6H,1,5H2,2-3H3/t6-/m0/s1',I3C6D1,'InChI=1S/C6H12/c1-4-6(3)5-2/h4,6H,1,5H2,2-3H3'
I3C6D1-A1,C=C[C@@H](C)CC,0,1,'InChI=1S/C6H12/c1-4-6(3)5-2/h4,6H,1,5H2,2-3H3/t6-/m1/s1',I3C6D1,'InChI=1S/C6H12/c1-4-6(3)5-2/h4,6H,1,5H2,2-3H3'
I3C6D2-Z,C/C=C(C)\CC,0,1,'InChI=1S/C6H12/c1-4-6(3)5-2/h4H,5H2,1-3H3/b6-4-',I3C6D2,'InChI=1S/C6H12/c1-4-6(3)5-2/h4H,5H2,1-3H3'
I3C6D2-E,C/C=C(C)/CC,0,1,'InChI=1S/C6H12/c1-4-6(3)5-2/h4H,5H2,1-3H3/b6-4+',I3C6D2,'InChI=1S/C6H12/c1-4-6(3)5-2/h4H,5H2,1-3H3'
I3C6D3,CCC(=C)CC,0,1,'InChI=1S/C6H12/c1-4-6(3)5-2/h3-5H2,1-2H3',I3C6D3,'InChI=1S/C6H12/c1-4-6(3)5-2/h3-5H2,1-2H3'
IC6D1,CCCC(=C)C,0,1,'InChI=1S/C6H12/c1-4-5-6(2)3/h2,4-5H2,1,3H3',IC6D1,'InChI=1S/C6H12/c1-4-5-6(2)3/h2,4-5H2,1,3H3'
IC6D2,CCC=C(C)C,0,1,'InChI=1S/C6H12/c1-4-5-6(2)3/h5H,4H2,1-3H3',IC6D2,'InChI=1S/C6H12/c1-4-5-6(2)3/h5H,4H2,1-3H3'
IC6D3-Z,C/C=C\C(C)C,0,1,'InChI=1S/C6H12/c1-4-5-6(2)3/h4-6H,1-3H3/b5-4-',IC6D3,'InChI=1S/C6H12/c1-4-5-6(2)3/h4-6H,1-3H3'
IC6D3-E,C/C=C/C(C)C,0,1,'InChI=1S/C6H12/c1-4-5-6(2)3/h4-6H,1-3H3/b5-4+',IC6D3,'InChI=1S/C6H12/c1-4-5-6(2)3/h4-6H,1-3H3'
IC6D4,C=CCC(C)C,0,1,'InChI=1S/C6H12/c1-4-5-6(2)3/h4,6H,1,5H2,2-3H3',IC6D4,'InChI=1S/C6H12/c1-4-5-6(2)3/h4,6H,1,5H2,2-3H3'
NEC6D3,C=CC(C)(C)C,0,1,'InChI=1S/C6H12/c1-5-6(2,3)4/h5H,1H2,2-4H3',NEC6D3,'InChI=1S/C6H12/c1-5-6(2,3)4/h5H,1H2,2-4H3'
XC6D1,C=C(C)C(C)C,0,1,'InChI=1S/C6H12/c1-5(2)6(3)4/h6H,1H2,2-4H3',XC6D1,'InChI=1S/C6H12/c1-5(2)6(3)4/h6H,1H2,2-4H3'
XC6D2,CC(C)=C(C)C,0,1,InChI=1S/C6H12/c1-5(2)6(3)4/h1-4H3,XC6D2,InChI=1S/C6H12/c1-5(2)6(3)4/h1-4H3
C6H13-1,[CH2]CCCCC,0,2,'InChI=1S/C6H13/c1-3-5-6-4-2/h1,3-6H2,2H3',C6H13-1,'InChI=1S/C6H13/c1-3-5-6-4-2/h1,3-6H2,2H3'
C6H13-2,C[CH]CCCC,0,2,'InChI=1S/C6H13/c1-3-5-6-4-2/h3H,4-6H2,1-2H3',C6H13-2,'InChI=1S/C6H13/c1-3-5-6-4-2/h3H,4-6H2,1-2H3'
C6H13-3,CC[CH]CCC,0,2,'InChI=1S/C6H13/c1-3-5-6-4-2/h5H,3-4,6H2,1-2H3',C6H13-3,'InChI=1S/C6H13/c1-3-5-6-4-2/h5H,3-4,6H2,1-2H3'
I3C6-1-A0,[CH2]C[C@H](C)CC,0,2,'InChI=1S/C6H13/c1-4-6(3)5-2/h6H,1,4-5H2,2-3H3/t6-/m0/s1',I3C6-1,'InChI=1S/C6H13/c1-4-6(3)5-2/h6H,1,4-5H2,2-3H3'
I3C6-1-A1,[CH2]C[C@@H](C)CC,0,2,'InChI=1S/C6H13/c1-4-6(3)5-2/h6H,1,4-5H2,2-3H3/t6-/m1/s1',I3C6-1,'InChI=1S/C6H13/c1-4-6(3)5-2/h6H,1,4-5H2,2-3H3'
I3C6-2-A0,C[CH][C@H](C)CC,0,2,'InChI=1S/C6H13/c1-4-6(3)5-2/h4,6H,5H2,1-3H3/t6-/m0/s1',I3C6-2,'InChI=1S/C6H13/c1-4-6(3)5-2/h4,6H,5H2,1-3H3'
I3C6-2-A1,C[CH][C@@H](C)CC,0,2,'InChI=1S/C6H13/c1-4-6(3)5-2/h4,6H,5H2,1-3H3/t6-/m1/s1',I3C6-2,'InChI=1S/C6H13/c1-4-6(3)5-2/h4,6H,5H2,1-3H3'
I3C6-3,CC[C](C)CC,0,2,'InChI=1S/C6H13/c1-4-6(3)5-2/h4-5H2,1-3H3',I3C6-3,'InChI=1S/C6H13/c1-4-6(3)5-2/h4-5H2,1-3H3'
I3C6-4,CCC([CH2])CC,0,2,'InChI=1S/C6H13/c1-4-6(3)5-2/h6H,3-5H2,1-2H3',I3C6-4,'InChI=1S/C6H13/c1-4-6(3)5-2/h6H,3-5H2,1-2H3'
IC6-1-A0,CCC[C@@H]([CH2])C,0,2,'InChI=1S/C6H13/c1-4-5-6(2)3/h6H,2,4-5H2,1,3H3/t6-/m0/s1',IC6-1,'InChI=1S/C6H13/c1-4-5-6(2)3/h6H,2,4-5H2,1,3H3'
IC6-1-A1,CCC[C@H]([CH2])C,0,2,'InChI=1S/C6H13/c1-4-5-6(2)3/h6H,2,4-5H2,1,3H3/t6-/m1/s1',IC6-1,'InChI=1S/C6H13/c1-4-5-6(2)3/h6H,2,4-5H2,1,3H3'
IC6-2,CCC[C](C)C,0,2,'InChI=1S/C6H13/c1-4-5-6(2)3/h4-5H2,1-3H3',IC6-2,'InChI=1S/C6H13/c1-4-5-6(2)3/h4-5H2,1-3H3'
IC6-3,CC[CH]C(C)C,0,2,'InChI=1S/C6H13/c1-4-5-6(2)3/h5-6H,4H2,1-3H3',IC6-3,'InChI=1S/C6H13/c1-4-5-6(2)3/h5-6H,4H2,1-3H3'
IC6-4,C[CH]CC(C)C,0,2,'InChI=1S/C6H13/c1-4-5-6(2)3/h4,6H,5H2,1-3H3',IC6-4,'InChI=1S/C6H13/c1-4-5-6(2)3/h4,6H,5H2,1-3H3'
IC6-5,[CH2]CCC(C)C,0,2,'InChI=1S/C6H13/c1-4-5-6(2)3/h6H,1,4-5H2,2-3H3',IC6-5,'InChI=1S/C6H13/c1-4-5-6(2)3/h6H,1,4-5H2,2-3H3'
NEC6-1,CCC([CH2])(C)C,0,2,'InChI=1S/C6H13/c1-5-6(2,3)4/h2,5H2,1,3-4H3',NEC6-1,'InChI=1S/C6H13/c1-5-6(2,3)4/h2,5H2,1,3-4H3'
NEC6-3,C[CH]C(C)(C)C,0,2,'InChI=1S/C6H13/c1-5-6(2,3)4/h5H,1-4H3',NEC6-3,'InChI=1S/C6H13/c1-5-6(2,3)4/h5H,1-4H3'
NEC6-4,[CH2]CC(C)(C)C,0,2,'InChI=1S/C6H13/c1-5-6(2,3)4/h1,5H2,2-4H3',NEC6-4,'InChI=1S/C6H13/c1-5-6(2,3)4/h1,5H2,2-4H3'
XC6-1-A0,[CH2][C@@H](C)C(C)C,0,2,'InChI=1S/C6H13/c1-5(2)6(3)4/h5-6H,1H2,2-4H3/t5-/m0/s1',XC6-1,'InChI=1S/C6H13/c1-5(2)6(3)4/h5-6H,1H2,2-4H3'
XC6-1-A1,[CH2][C@H](C)C(C)C,0,2,'InChI=1S/C6H13/c1-5(2)6(3)4/h5-6H,1H2,2-4H3/t5-/m1/s1',XC6-1,'InChI=1S/C6H13/c1-5(2)6(3)4/h5-6H,1H2,2-4H3'
XC6-2,CC(C)[C](C)C,0,2,'InChI=1S/C6H13/c1-5(2)6(3)4/h5H,1-4H3',XC6-2,'InChI=1S/C6H13/c1-5(2)6(3)4/h5H,1-4H3'
I3C6,CCC(C)CC,0,1,'InChI=1S/C6H14/c1-4-6(3)5-2/h6H,4-5H2,1-3H3',I3C6,'InChI=1S/C6H14/c1-4-6(3)5-2/h6H,4-5H2,1-3H3'
IC6,CCCC(C)C,0,1,'InChI=1S/C6H14/c1-4-5-6(2)3/h6H,4-5H2,1-3H3',IC6,'InChI=1S/C6H14/c1-4-5-6(2)3/h6H,4-5H2,1-3H3'
NC6H14,CCCCCC,0,1,'InChI=1S/C6H14/c1-3-5-6-4-2/h3-6H2,1-2H3',NC6H14,'InChI=1S/C6H14/c1-3-5-6-4-2/h3-6H2,1-2H3'
NEC6,CCC(C)(C)C,0,1,'InChI=1S/C6H14/c1-5-6(2,3)4/h5H2,1-4H3',NEC6,'InChI=1S/C6H14/c1-5-6(2,3)4/h5H2,1-4H3'
XC6,CC(C)C(C)C,0,1,'InChI=1S/C6H14/c1-5(2)6(3)4/h5-6H,1-4H3',XC6,'InChI=1S/C6H14/c1-5(2)6(3)4/h5-6H,1-4H3'
C7H5,C#CC1[CH]C=CC=1,0,2,'InChI=1S/C7H5/c1-2-7-5-3-4-6-7/h1,3-6H',C7H5,'InChI=1S/C7H5/c1-2-7-5-3-4-6-7/h1,3-6H'
C7H6,C=C=C1C=CC=C1,0,1,'InChI=1S/C7H6/c1-2-7-5-3-4-6-7/h3-6H,1H2',C7H6,'InChI=1S/C7H6/c1-2-7-5-3-4-6-7/h3-6H,1H2'
C6H4CH3,CC1C=[C]C=CC=1,0,2,'InChI=1S/C7H7/c1-7-5-3-2-4-6-7/h2-3,5-6H,1H3',C6H4CH3,'InChI=1S/C7H7/c1-7-5-3-2-4-6-7/h2-3,5-6H,1H3'
C6H5CH2,[CH2]C1C=CC=CC=1,0,2,'InChI=1S/C7H7/c1-7-5-3-2-4-6-7/h2-6H,1H2',C6H5CH2,'InChI=1S/C7H7/c1-7-5-3-2-4-6-7/h2-6H,1H2'
C6H5CH3,CC1C=CC=CC=1,0,1,'InChI=1S/C7H8/c1-7-5-3-2-4-6-7/h2-6H,1H3',C6H5CH3,'InChI=1S/C7H8/c1-7-5-3-2-4-6-7/h2-6H,1H3'
H15DE2M-T,C=[C]CCC(=C)C,0,2,'InChI=1S/C7H11/c1-4-5-6-7(2)3/h1-2,5-6H2,3H3',H15DE2M-T,'InChI=1S/C7H11/c1-4-5-6-7(2)3/h1-2,5-6H2,3H3'
C7H131-3-Z,[CH2]/C=C\CCCC,0,2,'AMChI=1/C7H13/c1-3-4-6-7-5-2/h3-4H,1,5-7H2,2H3/b4-3-',C7H131-3,'InChI=1S/C7H13/c1-3-5-7-6-4-2/h3,5H,1,4,6-7H2,2H3'
C7H131-3-E,[CH2]/C=C/CCCC,0,2,'AMChI=1/C7H13/c1-3-4-6-7-5-2/h3-4H,1,5-7H2,2H3/b4-3+',C7H131-3,'InChI=1S/C7H13/c1-3-5-7-6-4-2/h3,5H,1,4,6-7H2,2H3'
C7H131-4,C=CC[CH]CCC,0,2,'InChI=1S/C7H13/c1-3-5-7-6-4-2/h3,7H,1,4-6H2,2H3',C7H131-4,'InChI=1S/C7H13/c1-3-5-7-6-4-2/h3,7H,1,4-6H2,2H3'
C7H131-5,C=CCC[CH]CC,0,2,'InChI=1S/C7H13/c1-3-5-7-6-4-2/h3,6H,1,4-5,7H2,2H3',C7H131-5,'InChI=1S/C7H13/c1-3-5-7-6-4-2/h3,6H,1,4-5,7H2,2H3'
C7H131-6,C=CCCC[CH]C,0,2,'InChI=1S/C7H13/c1-3-5-7-6-4-2/h3-4H,1,5-7H2,2H3',C7H131-6,'InChI=1S/C7H13/c1-3-5-7-6-4-2/h3-4H,1,5-7H2,2H3'
C7H131-7,C=CCCCC[CH2],0,2,'InChI=1S/C7H13/c1-3-5-7-6-4-2/h3H,1-2,4-7H2',C7H131-7,'InChI=1S/C7H13/c1-3-5-7-6-4-2/h3H,1-2,4-7H2'
C7H132-4-ZZ,C/[CH]/C=\C\CCC,0,2,'AMChI=1/C7H13/c1-3-4-5-7-6-2/h3-5H,6-7H2,1-2H3/b4-3-,5-4-',C7H132-4,'InChI=1S/C7H13/c1-3-5-7-6-4-2/h3,5,7H,4,6H2,1-2H3'
C7H132-4-ZE,C/[CH]/C=\C/CCC,0,2,'AMChI=1/C7H13/c1-3-4-5-7-6-2/h3-5H,6-7H2,1-2H3/b4-3-,5-4+',C7H132-4,'InChI=1S/C7H13/c1-3-5-7-6-4-2/h3,5,7H,4,6H2,1-2H3'
C7H132-4-EZ,C/[CH]/C=/C\CCC,0,2,'AMChI=1/C7H13/c1-3-4-5-7-6-2/h3-5H,6-7H2,1-2H3/b4-3+,5-4-',C7H132-4,'InChI=1S/C7H13/c1-3-5-7-6-4-2/h3,5,7H,4,6H2,1-2H3'
C7H132-4-EE,C/[CH]/C=/C/CCC,0,2,'AMChI=1/C7H13/c1-3-4-5-7-6-2/h3-5H,6-7H2,1-2H3/b4-3+,5-4+',C7H132-4,'InChI=1S/C7H13/c1-3-5-7-6-4-2/h3,5,7H,4,6H2,1-2H3'
C7H132-5-Z,C/C=C\C[CH]CC,0,2,'InChI=1S/C7H13/c1-3-5-7-6-4-2/h3,5-6H,4,7H2,1-2H3/b5-3-',C7H132-5,'InChI=1S/C7H13/c1-3-5-7-6-4-2/h3,5-6H,4,7H2,1-2H3'
C7H132-5-E,C/C=C/C[CH]CC,0,2,'InChI=1S/C7H13/c1-3-5-7-6-4-2/h3,5-6H,4,7H2,1-2H3/b5-3+',C7H132-5,'InChI=1S/C7H13/c1-3-5-7-6-4-2/h3,5-6H,4,7H2,1-2H3'
C7H132-6-Z,C/C=C\CC[CH]C,0,2,'InChI=1S/C7H13/c1-3-5-7-6-4-2/h3-5H,6-7H2,1-2H3/b5-3-',C7H132-6,'InChI=1S/C7H13/c1-3-5-7-6-4-2/h3-5H,6-7H2,1-2H3'
C7H132-6-E,C/C=C/CC[CH]C,0,2,'InChI=1S/C7H13/c1-3-5-7-6-4-2/h3-5H,6-7H2,1-2H3/b5-3+',C7H132-6,'InChI=1S/C7H13/c1-3-5-7-6-4-2/h3-5H,6-7H2,1-2H3'
C7H132-7-Z,[CH2]CCC/C=C\C,0,2,'InChI=1S/C7H13/c1-3-5-7-6-4-2/h4,6H,1,3,5,7H2,2H3/b6-4-',C7H132-7,'InChI=1S/C7H13/c1-3-5-7-6-4-2/h4,6H,1,3,5,7H2,2H3'
C7H132-7-E,[CH2]CCC/C=C/C,0,2,'InChI=1S/C7H13/c1-3-5-7-6-4-2/h4,6H,1,3,5,7H2,2H3/b6-4+',C7H132-7,'InChI=1S/C7H13/c1-3-5-7-6-4-2/h4,6H,1,3,5,7H2,2H3'
C7H133-1-Z,[CH2]C/C=C\CCC,0,2,'InChI=1S/C7H13/c1-3-5-7-6-4-2/h5,7H,1,3-4,6H2,2H3/b7-5-',C7H133-1,'InChI=1S/C7H13/c1-3-5-7-6-4-2/h5,7H,1,3-4,6H2,2H3'
C7H133-1-E,[CH2]C/C=C/CCC,0,2,'InChI=1S/C7H13/c1-3-5-7-6-4-2/h5,7H,1,3-4,6H2,2H3/b7-5+',C7H133-1,'InChI=1S/C7H13/c1-3-5-7-6-4-2/h5,7H,1,3-4,6H2,2H3'
C7H133-5-ZZ,CC/[CH]/C=\C\CC,0,2,'AMChI=1/C7H13/c1-6-4-3-5-7-2/h3-5H,6-7H2,1-2H3/b4-3-,5-3-',C7H133-5,'InChI=1S/C7H13/c1-3-5-7-6-4-2/h5-7H,3-4H2,1-2H3'
C7H133-5-ZE,CC/[CH]/C=\C/CC,0,2,'AMChI=1/C7H13/c1-6-4-3-5-7-2/h3-5H,6-7H2,1-2H3/b4-3-,5-3+',C7H133-5,'InChI=1S/C7H13/c1-3-5-7-6-4-2/h5-7H,3-4H2,1-2H3'
C7H133-5-EE,CC/[CH]/C=/C/CC,0,2,'AMChI=1/C7H13/c1-6-4-3-5-7-2/h3-5H,6-7H2,1-2H3/b4-3+,5-3+',C7H133-5,'InChI=1S/C7H13/c1-3-5-7-6-4-2/h5-7H,3-4H2,1-2H3'
C7H133-6-Z,C[CH]C/C=C\CC,0,2,'InChI=1S/C7H13/c1-3-5-7-6-4-2/h3,6-7H,4-5H2,1-2H3/b7-6-',C7H133-6,'InChI=1S/C7H13/c1-3-5-7-6-4-2/h3,6-7H,4-5H2,1-2H3'
C7H133-6-E,C[CH]C/C=C/CC,0,2,'InChI=1S/C7H13/c1-3-5-7-6-4-2/h3,6-7H,4-5H2,1-2H3/b7-6+',C7H133-6,'InChI=1S/C7H13/c1-3-5-7-6-4-2/h3,6-7H,4-5H2,1-2H3'
C7H133-7-Z,[CH2]CC/C=C\CC,0,2,'InChI=1S/C7H13/c1-3-5-7-6-4-2/h6-7H,1,3-5H2,2H3/b7-6-',C7H133-7,'InChI=1S/C7H13/c1-3-5-7-6-4-2/h6-7H,1,3-5H2,2H3'
C7H133-7-E,[CH2]CC/C=C/CC,0,2,'InChI=1S/C7H13/c1-3-5-7-6-4-2/h6-7H,1,3-5H2,2H3/b7-6+',C7H133-7,'InChI=1S/C7H13/c1-3-5-7-6-4-2/h6-7H,1,3-5H2,2H3'
C7H14-1,C=CCCCCC,0,1,'InChI=1S/C7H14/c1-3-5-7-6-4-2/h3H,1,4-7H2,2H3',C7H14-1,'InChI=1S/C7H14/c1-3-5-7-6-4-2/h3H,1,4-7H2,2H3'
C7H14-2-Z,C/C=C\CCCC,0,1,'InChI=1S/C7H14/c1-3-5-7-6-4-2/h3,5H,4,6-7H2,1-2H3/b5-3-',C7H14-2,'InChI=1S/C7H14/c1-3-5-7-6-4-2/h3,5H,4,6-7H2,1-2H3'
C7H14-2-E,C/C=C/CCCC,0,1,'InChI=1S/C7H14/c1-3-5-7-6-4-2/h3,5H,4,6-7H2,1-2H3/b5-3+',C7H14-2,'InChI=1S/C7H14/c1-3-5-7-6-4-2/h3,5H,4,6-7H2,1-2H3'
C7H14-3-Z,CC/C=C\CCC,0,1,'InChI=1S/C7H14/c1-3-5-7-6-4-2/h5,7H,3-4,6H2,1-2H3/b7-5-',C7H14-3,'InChI=1S/C7H14/c1-3-5-7-6-4-2/h5,7H,3-4,6H2,1-2H3'
C7H14-3-E,CC/C=C/CCC,0,1,'InChI=1S/C7H14/c1-3-5-7-6-4-2/h5,7H,3-4,6H2,1-2H3/b7-5+',C7H14-3,'InChI=1S/C7H14/c1-3-5-7-6-4-2/h5,7H,3-4,6H2,1-2H3'
C7H15-1,[CH2]CCCCCC,0,2,'InChI=1S/C7H15/c1-3-5-7-6-4-2/h1,3-7H2,2H3',C7H15-1,'InChI=1S/C7H15/c1-3-5-7-6-4-2/h1,3-7H2,2H3'
C7H15-2,C[CH]CCCCC,0,2,'InChI=1S/C7H15/c1-3-5-7-6-4-2/h3H,4-7H2,1-2H3',C7H15-2,'InChI=1S/C7H15/c1-3-5-7-6-4-2/h3H,4-7H2,1-2H3'
C7H15-3,CC[CH]CCCC,0,2,'InChI=1S/C7H15/c1-3-5-7-6-4-2/h5H,3-4,6-7H2,1-2H3',C7H15-3,'InChI=1S/C7H15/c1-3-5-7-6-4-2/h5H,3-4,6-7H2,1-2H3'
C7H15-4,CCC[CH]CCC,0,2,'InChI=1S/C7H15/c1-3-5-7-6-4-2/h7H,3-6H2,1-2H3',C7H15-4,'InChI=1S/C7H15/c1-3-5-7-6-4-2/h7H,3-6H2,1-2H3'
NC7H16,CCCCCCC,0,1,'InChI=1S/C7H16/c1-3-5-7-6-4-2/h3-7H2,1-2H3',NC7H16,'InChI=1S/C7H16/c1-3-5-7-6-4-2/h3-7H2,1-2H3'
C6H5CCH2,C=C=C1C=CC=C[CH]1,0,2,'InChI=1S/C8H7/c1-2-8-6-4-3-5-7-8/h3-7H,1H2',C6H5CCH2,'InChI=1S/C8H7/c1-2-8-6-4-3-5-7-8/h3-7H,1H2'
C6H5CHCH-Z,[H]/[C]=C\C1C=CC=CC=1,0,2,AMChI=1/C8H7/c1-2-8-6-4-3-5-7-8/h1-7H/b2-1-,C6H5CHCH,InChI=1S/C8H7/c1-2-8-6-4-3-5-7-8/h1-7H
C6H5CHCH-E,[H]/[C]=C/C1C=CC=CC=1,0,2,AMChI=1/C8H7/c1-2-8-6-4-3-5-7-8/h1-7H/b2-1+,C6H5CHCH,InChI=1S/C8H7/c1-2-8-6-4-3-5-7-8/h1-7H
C6H5C2H3,C=CC1C=CC=CC=1,0,1,'InChI=1S/C8H8/c1-2-8-6-4-3-5-7-8/h2-7H,1H2',C6H5C2H3,'InChI=1S/C8H8/c1-2-8-6-4-3-5-7-8/h2-7H,1H2'
C6H5CH2CH2,[CH2]CC1C=CC=CC=1,0,2,'InChI=1S/C8H9/c1-2-8-6-4-3-5-7-8/h3-7H,1-2H2',C6H5CH2CH2,'InChI=1S/C8H9/c1-2-8-6-4-3-5-7-8/h3-7H,1-2H2'
C6H5CHCH3,CC=C1C=CC=C[CH]1,0,2,'InChI=1S/C8H9/c1-2-8-6-4-3-5-7-8/h2-7H,1H3',C6H5CHCH3,'InChI=1S/C8H9/c1-2-8-6-4-3-5-7-8/h2-7H,1H3'
C6H5C2H5,CCC1C=CC=CC=1,0,1,'InChI=1S/C8H10/c1-2-8-6-4-3-5-7-8/h3-7H,2H2,1H3',C6H5C2H5,'InChI=1S/C8H10/c1-2-8-6-4-3-5-7-8/h3-7H,2H2,1H3'
H15DE25DM-S-Z,[CH2]/C(C)=C/CC(=C)C,0,2,'AMChI=1/C8H13/c1-7(3)5-6-8(2)4/h5H,1-2,6H2,3-4H3/b7-5-',H15DE25DM-S,'InChI=1S/C8H13/c1-7(2)5-6-8(3)4/h5H,1,3,6H2,2,4H3'
H15DE25DM-S-E,[CH2]/C(C)=C\CC(=C)C,0,2,'AMChI=1/C8H13/c1-7(3)5-6-8(2)4/h5H,1-2,6H2,3-4H3/b7-5+',H15DE25DM-S,'InChI=1S/C8H13/c1-7(2)5-6-8(3)4/h5H,1,3,6H2,2,4H3'
H15DE25DM-A,[CH2]C(=C)CCC(=C)C,0,2,'InChI=1S/C8H13/c1-7(2)5-6-8(3)4/h1-3,5-6H2,4H3',H15DE25DM-A,'InChI=1S/C8H13/c1-7(2)5-6-8(3)4/h1-3,5-6H2,4H3'
H15DE25DM,C=C(C)CCC(=C)C,0,1,'InChI=1S/C8H14/c1-7(2)5-6-8(3)4/h1,3,5-6H2,2,4H3',H15DE25DM,'InChI=1S/C8H14/c1-7(2)5-6-8(3)4/h1,3,5-6H2,2,4H3'
C8H16-3-Z,CC/C=C\CCCC,0,1,'InChI=1S/C8H16/c1-3-5-7-8-6-4-2/h5,7H,3-4,6,8H2,1-2H3/b7-5-',C8H16-3,'InChI=1S/C8H16/c1-3-5-7-8-6-4-2/h5,7H,3-4,6,8H2,1-2H3'
C8H16-3-E,CC/C=C/CCCC,0,1,'InChI=1S/C8H16/c1-3-5-7-8-6-4-2/h5,7H,3-4,6,8H2,1-2H3/b7-5+',C8H16-3,'InChI=1S/C8H16/c1-3-5-7-8-6-4-2/h5,7H,3-4,6,8H2,1-2H3'
C9H7,[CH]1C=C2C(C=C1)=CC=C2,0,2,InChI=1S/C9H7/c1-2-5-9-7-3-6-8(9)4-1/h1-7H,C9H7,InChI=1S/C9H7/c1-2-5-9-7-3-6-8(9)4-1/h1-7H
IND,C1=CC2=C(C=C1)CC=C2,0,1,'InChI=1S/C9H8/c1-2-5-9-7-3-6-8(9)4-1/h1-6H,7H2',IND,'InChI=1S/C9H8/c1-2-5-9-7-3-6-8(9)4-1/h1-6H,7H2'
NAPH-,C1=CC2C(C=C1)=[C]C=CC=2,0,2,InChI=1S/C10H7/c1-2-6-10-8-4-3-7-9(10)5-1/h1-7H,NAPH-,InChI=1S/C10H7/c1-2-6-10-8-4-3-7-9(10)5-1/h1-7H
NAPHV,C1=CC2=C(C=C1)C=C=C[CH]2,0,2,'InChI=1S/C10H7/c1-2-6-10-8-4-3-7-9(10)5-1/h1-3,5-8H',NAPHV,'InChI=1S/C10H7/c1-2-6-10-8-4-3-7-9(10)5-1/h1-3,5-8H'
NAPH,C1=CC2C(C=C1)=CC=CC=2,0,1,InChI=1S/C10H8/c1-2-6-10-8-4-3-7-9(10)5-1/h1-8H,NAPH,InChI=1S/C10H8/c1-2-6-10-8-4-3-7-9(10)5-1/h1-8H
C10H9,C1=CC2=C(C=C1)[CH]CC=C2,0,2,'InChI=1S/C10H9/c1-2-6-10-8-4-3-7-9(10)5-1/h1-3,5-8H,4H2',C10H9,'InChI=1S/C10H9/c1-2-6-10-8-4-3-7-9(10)5-1/h1-3,5-8H,4H2'
C10H10,C1=CC2=C(C=C1)CCC=C2,0,1,'InChI=1S/C10H10/c1-2-6-10-8-4-3-7-9(10)5-1/h1-3,5-7H,4,8H2',C10H10,'InChI=1S/C10H10/c1-2-6-10-8-4-3-7-9(10)5-1/h1-3,5-7H,4,8H2'
C14H11,C1=CC=C(C=C1)C=C=C2C=CC=C[CH]2,0,2,InChI=1S/C14H11/c1-3-7-13(8-4-1)11-12-14-9-5-2-6-10-14/h1-11H,C14H11,InChI=1S/C14H11/c1-3-7-13(8-4-1)11-12-14-9-5-2-6-10-14/h1-11H
C14H11,C1=CC=C(C=C1)C=C=C2C=CC=C[CH]2,0,2,InChI=1S/C14H11/c1-3-7-13(8-4-1)11-12-14-9-5-2-6-10-14/h1-11H,C14H11,InChI=1S/C14H11/c1-3-7-13(8-4-1)11-12-14-9-5-2-6-10-14/h1-11H
C14H12-Z,C1=CC=C(C=C1)/C=C\C2C=CC=CC=2,0,1,InChI=1S/C14H12/c1-3-7-13(8-4-1)11-12-14-9-5-2-6-10-14/h1-12H/b12-11-,C14H12,InChI=1S/C14H12/c1-3-7-13(8-4-1)11-12-14-9-5-2-6-10-14/h1-12H
C14H12-E,C1=CC=C(C=C1)/C=C/C2C=CC=CC=2,0,1,InChI=1S/C14H12/c1-3-7-13(8-4-1)11-12-14-9-5-2-6-10-14/h1-12H/b12-11+,C14H12,InChI=1S/C14H12/c1-3-7-13(8-4-1)11-12-14-9-5-2-6-10-14/h1-12H
C14H13,C1=CC=C(C=C1)[CH]CC2C=CC=CC=2,0,2,'InChI=1S/C14H13/c1-3-7-13(8-4-1)11-12-14-9-5-2-6-10-14/h1-11H,12H2',C14H13,'InChI=1S/C14H13/c1-3-7-13(8-4-1)11-12-14-9-5-2-6-10-14/h1-11H,12H2'
C14H14,C1=CC=C(C=C1)CCC2C=CC=CC=2,0,1,'InChI=1S/C14H14/c1-3-7-13(8-4-1)11-12-14-9-5-2-6-10-14/h1-10H,11-12H2',C14H14,'InChI=1S/C14H14/c1-3-7-13(8-4-1)11-12-14-9-5-2-6-10-14/h1-10H,11-12H2'
B13DE2M-3,C=C=C([CH2])C,0,2,'InChI=1S/C5H7/c1-4-5(2)3/h1-2H2,3H3',B13DE2M-3,'InChI=1S/C5H7/c1-4-5(2)3/h1-2H2,3H3'
BUTA123TRIENE,C=C=C=C,0,1,InChI=1S/C4H4/c1-3-4-2/h1-2H2,BUTA123TRIENE,InChI=1S/C4H4/c1-3-4-2/h1-2H2
C#CCVCCJ-Z,C#C/C=C\[CH2],0,2,'AMChI=1/C5H5/c1-3-5-4-2/h1,4-5H,2H2/b5-4-',C#CCVCCJ,'InChI=1S/C5H5/c1-3-5-4-2/h1,4-5H,2H2'
C#CCVCCJ-E,C#C/C=C/[CH2],0,2,'AMChI=1/C5H5/c1-3-5-4-2/h1,4-5H,2H2/b5-4+',C#CCVCCJ,'InChI=1S/C5H5/c1-3-5-4-2/h1,4-5H,2H2'
C5H6-L-Z,C#C/C=C\C,0,1,'InChI=1S/C5H6/c1-3-5-4-2/h1,4-5H,2H3/b5-4-',C5H6-L,'InChI=1S/C5H6/c1-3-5-4-2/h1,4-5H,2H3'
C5H6-L-E,C#C/C=C/C,0,1,'InChI=1S/C5H6/c1-3-5-4-2/h1,4-5H,2H3/b5-4+',C5H6-L,'InChI=1S/C5H6/c1-3-5-4-2/h1,4-5H,2H3'
C5H7-13-2-Z,C=[C]/C=C\C,0,2,'AMChI=1/C5H7/c1-3-5-4-2/h4-5H,1H2,2H3/b5-4-',C5H7-13-2,'InChI=1S/C5H7/c1-3-5-4-2/h4-5H,1H2,2H3'
C5H7-13-2-E,C=[C]/C=C/C,0,2,'AMChI=1/C5H7/c1-3-5-4-2/h4-5H,1H2,2H3/b5-4+',C5H7-13-2,'InChI=1S/C5H7/c1-3-5-4-2/h4-5H,1H2,2H3'
C5H7-13-3,[CH2]C=C=CC,0,2,'InChI=1S/C5H7/c1-3-5-4-2/h3-4H,1H2,2H3',C5H7-13-3,'InChI=1S/C5H7/c1-3-5-4-2/h3-4H,1H2,2H3'
C5H7-13-3,[CH2]C=C=CC,0,2,'InChI=1S/C5H7/c1-3-5-4-2/h3-4H,1H2,2H3',C5H7-13-3,'InChI=1S/C5H7/c1-3-5-4-2/h3-4H,1H2,2H3'
C5H7-14-1-Z,[H]/[C]=C\CC=C,0,2,'AMChI=1/C5H7/c1-3-5-4-2/h1,3-4H,2,5H2/b3-1-',C5H7-14-1,'InChI=1S/C5H7/c1-3-5-4-2/h1,3-4H,2,5H2'
C5H7-14-1-E,[H]/[C]=C/CC=C,0,2,'AMChI=1/C5H7/c1-3-5-4-2/h1,3-4H,2,5H2/b3-1+',C5H7-14-1,'InChI=1S/C5H7/c1-3-5-4-2/h1,3-4H,2,5H2'
C6H111-1-Z,[H]/[C]=C\CCCC,0,2,'AMChI=1/C6H11/c1-3-5-6-4-2/h1,3H,4-6H2,2H3/b3-1-',C6H111-1,'InChI=1S/C6H11/c1-3-5-6-4-2/h1,3H,4-6H2,2H3'
C6H111-1-E,[H]/[C]=C/CCCC,0,2,'AMChI=1/C6H11/c1-3-5-6-4-2/h1,3H,4-6H2,2H3/b3-1+',C6H111-1,'InChI=1S/C6H11/c1-3-5-6-4-2/h1,3H,4-6H2,2H3'
C6H111-2,C=[C]CCCC,0,2,'InChI=1S/C6H11/c1-3-5-6-4-2/h1,4-6H2,2H3',C6H111-2,'InChI=1S/C6H11/c1-3-5-6-4-2/h1,4-6H2,2H3'
C7H121-3-Z,C=C/C=C\CCC,0,1,'InChI=1S/C7H12/c1-3-5-7-6-4-2/h3,5,7H,1,4,6H2,2H3/b7-5-',C7H121-3,'InChI=1S/C7H12/c1-3-5-7-6-4-2/h3,5,7H,1,4,6H2,2H3'
C7H121-3-E,C=C/C=C/CCC,0,1,'InChI=1S/C7H12/c1-3-5-7-6-4-2/h3,5,7H,1,4,6H2,2H3/b7-5+',C7H121-3,'InChI=1S/C7H12/c1-3-5-7-6-4-2/h3,5,7H,1,4,6H2,2H3'
C7H121-4-Z,C=CC/C=C\CC,0,1,'InChI=1S/C7H12/c1-3-5-7-6-4-2/h3,6-7H,1,4-5H2,2H3/b7-6-',C7H121-4,'InChI=1S/C7H12/c1-3-5-7-6-4-2/h3,6-7H,1,4-5H2,2H3'
C7H121-4-E,C=CC/C=C/CC,0,1,'InChI=1S/C7H12/c1-3-5-7-6-4-2/h3,6-7H,1,4-5H2,2H3/b7-6+',C7H121-4,'InChI=1S/C7H12/c1-3-5-7-6-4-2/h3,6-7H,1,4-5H2,2H3'
C7H121-5-Z,C=CCC/C=C\C,0,1,'InChI=1S/C7H12/c1-3-5-7-6-4-2/h3-4,6H,1,5,7H2,2H3/b6-4-',C7H121-5,'InChI=1S/C7H12/c1-3-5-7-6-4-2/h3-4,6H,1,5,7H2,2H3'
C7H121-5-E,C=CCC/C=C/C,0,1,'InChI=1S/C7H12/c1-3-5-7-6-4-2/h3-4,6H,1,5,7H2,2H3/b6-4+',C7H121-5,'InChI=1S/C7H12/c1-3-5-7-6-4-2/h3-4,6H,1,5,7H2,2H3'
C7H121-6,C=CCCCC=C,0,1,'InChI=1S/C7H12/c1-3-5-7-6-4-2/h3-4H,1-2,5-7H2',C7H121-6,'InChI=1S/C7H12/c1-3-5-7-6-4-2/h3-4H,1-2,5-7H2'
C7H131-1-Z,[H]/[C]=C\CCCCC,0,2,'AMChI=1/C7H13/c1-3-5-7-6-4-2/h1,3H,4-7H2,2H3/b3-1-',C7H131-1,'InChI=1S/C7H13/c1-3-5-7-6-4-2/h1,3H,4-7H2,2H3'
C7H131-1-E,[H]/[C]=C/CCCCC,0,2,'AMChI=1/C7H13/c1-3-5-7-6-4-2/h1,3H,4-7H2,2H3/b3-1+',C7H131-1,'InChI=1S/C7H13/c1-3-5-7-6-4-2/h1,3H,4-7H2,2H3'
C7H131-2,C=[C]CCCCC,0,2,'InChI=1S/C7H13/c1-3-5-7-6-4-2/h1,4-7H2,2H3',C7H131-2,'InChI=1S/C7H13/c1-3-5-7-6-4-2/h1,4-7H2,2H3'
CC5H9-C,C=[C]C(C)C,0,2,'InChI=1S/C5H9/c1-4-5(2)3/h5H,1H2,2-3H3',CC5H9-C,'InChI=1S/C5H9/c1-4-5(2)3/h5H,1H2,2-3H3'
CC5H9-D-Z,[H]/[C]=C\C(C)C,0,2,'AMChI=1/C5H9/c1-4-5(2)3/h1,4-5H,2-3H3/b4-1-',CC5H9-D,'InChI=1S/C5H9/c1-4-5(2)3/h1,4-5H,2-3H3'
CC5H9-D-E,[H]/[C]=C/C(C)C,0,2,'AMChI=1/C5H9/c1-4-5(2)3/h1,4-5H,2-3H3/b4-1+',CC5H9-D,'InChI=1S/C5H9/c1-4-5(2)3/h1,4-5H,2-3H3'
CH2CCHCH2CHCH2,C=CCC=C=C,0,1,'InChI=1S/C6H8/c1-3-5-6-4-2/h3,6H,1-2,5H2',CH2CCHCH2CHCH2,'InChI=1S/C6H8/c1-3-5-6-4-2/h3,6H,1-2,5H2'
CHCCH2CH2CHCH2,C#CCCC=C,0,1,'InChI=1S/C6H8/c1-3-5-6-4-2/h1,4H,2,5-6H2',CHCCH2CH2CHCH2,'InChI=1S/C6H8/c1-3-5-6-4-2/h1,4H,2,5-6H2'
CVCCJCCCVC-Z,[CH2]/C=C\CCC=C,0,2,'AMChI=1/C7H11/c1-3-5-7-6-4-2/h3-5H,1-2,6-7H2/b5-3-',CVCCJCCCVC,'InChI=1S/C7H11/c1-3-5-7-6-4-2/h3-5H,1-2,6-7H2'
CVCCJCCCVC-E,[CH2]/C=C/CCC=C,0,2,'AMChI=1/C7H11/c1-3-5-7-6-4-2/h3-5H,1-2,6-7H2/b5-3+',CVCCJCCCVC,'InChI=1S/C7H11/c1-3-5-7-6-4-2/h3-5H,1-2,6-7H2'
CVCCJCCVCC-ZZ,[CH2]/C=C\C\C=C/C,0,2,'AMChI=1/C7H11/c1-3-5-7-6-4-2/h3-6H,1,7H2,2H3/b5-3-,6-4-',CVCCJCCVCC,'InChI=1S/C7H11/c1-3-5-7-6-4-2/h3-6H,1,7H2,2H3'
CVCCJCCVCC-ZE,[CH2]/C=C\C\C=C\C,0,2,'AMChI=1/C7H11/c1-3-5-7-6-4-2/h3-6H,1,7H2,2H3/b5-3-,6-4+',CVCCJCCVCC,'InChI=1S/C7H11/c1-3-5-7-6-4-2/h3-6H,1,7H2,2H3'
CVCCJCCVCC-EZ,[CH2]/C=C/C/C=C\C,0,2,'AMChI=1/C7H11/c1-3-5-7-6-4-2/h3-6H,1,7H2,2H3/b5-3+,6-4-',CVCCJCCVCC,'InChI=1S/C7H11/c1-3-5-7-6-4-2/h3-6H,1,7H2,2H3'
CVCCJCCVCC-EE,[CH2]/C=C/C/C=C/C,0,2,'AMChI=1/C7H11/c1-3-5-7-6-4-2/h3-6H,1,7H2,2H3/b5-3+,6-4+',CVCCJCCVCC,'InChI=1S/C7H11/c1-3-5-7-6-4-2/h3-6H,1,7H2,2H3'
CVCCJCVCC-ZZZ,[CH2]/C=/C\C=\C/C,0,2,'AMChI=1/C6H9/c1-3-5-6-4-2/h3-6H,1H2,2H3/b5-3-,6-4-,6-5-',CVCCJCVCC,'InChI=1S/C6H9/c1-3-5-6-4-2/h3-6H,1H2,2H3'
CVCCJCVCC-ZZE,[CH2]/C=/C\C=/C/C,0,2,'AMChI=1/C6H9/c1-3-5-6-4-2/h3-6H,1H2,2H3/b5-3-,6-4-,6-5+',CVCCJCVCC,'InChI=1S/C6H9/c1-3-5-6-4-2/h3-6H,1H2,2H3'
CVCCJCVCC-ZEZ,[CH2]/C=/C\C=\C\C,0,2,'AMChI=1/C6H9/c1-3-5-6-4-2/h3-6H,1H2,2H3/b5-3-,6-4+,6-5-',CVCCJCVCC,'InChI=1S/C6H9/c1-3-5-6-4-2/h3-6H,1H2,2H3'
CVCCJCVCC-ZEE,[CH2]/C=/C\C=/C\C,0,2,'AMChI=1/C6H9/c1-3-5-6-4-2/h3-6H,1H2,2H3/b5-3-,6-4+,6-5+',CVCCJCVCC,'InChI=1S/C6H9/c1-3-5-6-4-2/h3-6H,1H2,2H3'
CVCCJCVCC-EZZ,[CH2]/C=/C/C=\C\C,0,2,'AMChI=1/C6H9/c1-3-5-6-4-2/h3-6H,1H2,2H3/b5-3+,6-4-,6-5-',CVCCJCVCC,'InChI=1S/C6H9/c1-3-5-6-4-2/h3-6H,1H2,2H3'
CVCCJCVCC-EZE,[CH2]/C=/C/C=/C\C,0,2,'AMChI=1/C6H9/c1-3-5-6-4-2/h3-6H,1H2,2H3/b5-3+,6-4-,6-5+',CVCCJCVCC,'InChI=1S/C6H9/c1-3-5-6-4-2/h3-6H,1H2,2H3'
CVCCJCVCC-EEZ,[CH2]/C=/C/C=\C/C,0,2,'AMChI=1/C6H9/c1-3-5-6-4-2/h3-6H,1H2,2H3/b5-3+,6-4+,6-5-',CVCCJCVCC,'InChI=1S/C6H9/c1-3-5-6-4-2/h3-6H,1H2,2H3'
CVCCJCVCC-EEE,[CH2]/C=/C/C=/C/C,0,2,'AMChI=1/C6H9/c1-3-5-6-4-2/h3-6H,1H2,2H3/b5-3+,6-4+,6-5+',CVCCJCVCC,'InChI=1S/C6H9/c1-3-5-6-4-2/h3-6H,1H2,2H3'
CVCCJCVCCC-ZZZ,[CH2]/C=/C\C=\C/CC,0,2,'AMChI=1/C7H11/c1-3-4-5-6-7-2/h3-6H,1,7H2,2H3/b4-3-,5-4-,6-5-',CVCCJCVCCC,'InChI=1S/C7H11/c1-3-5-7-6-4-2/h3,5-7H,1,4H2,2H3'
CVCCJCVCCC-ZZE,[CH2]/C=/C\C=\C\CC,0,2,'AMChI=1/C7H11/c1-3-4-5-6-7-2/h3-6H,1,7H2,2H3/b4-3-,5-4-,6-5+',CVCCJCVCCC,'InChI=1S/C7H11/c1-3-5-7-6-4-2/h3,5-7H,1,4H2,2H3'
CVCCJCVCCC-ZEZ,[CH2]/C=/C\C=/C/CC,0,2,'AMChI=1/C7H11/c1-3-4-5-6-7-2/h3-6H,1,7H2,2H3/b4-3-,5-4+,6-5-',CVCCJCVCCC,'InChI=1S/C7H11/c1-3-5-7-6-4-2/h3,5-7H,1,4H2,2H3'
CVCCJCVCCC-ZEE,[CH2]/C=/C\C=/C\CC,0,2,'AMChI=1/C7H11/c1-3-4-5-6-7-2/h3-6H,1,7H2,2H3/b4-3-,5-4+,6-5+',CVCCJCVCCC,'InChI=1S/C7H11/c1-3-5-7-6-4-2/h3,5-7H,1,4H2,2H3'
CVCCJCVCCC-EZZ,[CH2]/C=/C/C=\C\CC,0,2,'AMChI=1/C7H11/c1-3-4-5-6-7-2/h3-6H,1,7H2,2H3/b4-3+,5-4-,6-5-',CVCCJCVCCC,'InChI=1S/C7H11/c1-3-5-7-6-4-2/h3,5-7H,1,4H2,2H3'
CVCCJCVCCC-EZE,[CH2]/C=/C/C=\C/CC,0,2,'AMChI=1/C7H11/c1-3-4-5-6-7-2/h3-6H,1,7H2,2H3/b4-3+,5-4-,6-5+',CVCCJCVCCC,'InChI=1S/C7H11/c1-3-5-7-6-4-2/h3,5-7H,1,4H2,2H3'
CVCCJCVCCC-EEZ,[CH2]/C=/C/C=/C\CC,0,2,'AMChI=1/C7H11/c1-3-4-5-6-7-2/h3-6H,1,7H2,2H3/b4-3+,5-4+,6-5-',CVCCJCVCCC,'InChI=1S/C7H11/c1-3-5-7-6-4-2/h3,5-7H,1,4H2,2H3'
CVCCJCVCCC-EEE,[CH2]/C=/C/C=/C/CC,0,2,'AMChI=1/C7H11/c1-3-4-5-6-7-2/h3-6H,1,7H2,2H3/b4-3+,5-4+,6-5+',CVCCJCVCCC,'InChI=1S/C7H11/c1-3-5-7-6-4-2/h3,5-7H,1,4H2,2H3'
I2C8D3-Z,CCC/C=C\C(C)C,0,1,'InChI=1S/C8H16/c1-4-5-6-7-8(2)3/h6-8H,4-5H2,1-3H3/b7-6-',I2C8D3,'InChI=1S/C8H16/c1-4-5-6-7-8(2)3/h6-8H,4-5H2,1-3H3'
I2C8D3-E,CCC/C=C/C(C)C,0,1,'InChI=1S/C8H16/c1-4-5-6-7-8(2)3/h6-8H,4-5H2,1-3H3/b7-6+',I2C8D3,'InChI=1S/C8H16/c1-4-5-6-7-8(2)3/h6-8H,4-5H2,1-3H3'
I3C7D1-A0,CCC[C@@H](C)C=C,0,1,'InChI=1S/C7H14/c1-4-6-7(3)5-2/h5,7H,2,4,6H2,1,3H3/t7-/m0/s1',I3C7D1,'InChI=1S/C7H14/c1-4-6-7(3)5-2/h5,7H,2,4,6H2,1,3H3'
I3C7D1-A1,CCC[C@H](C)C=C,0,1,'InChI=1S/C7H14/c1-4-6-7(3)5-2/h5,7H,2,4,6H2,1,3H3/t7-/m1/s1',I3C7D1,'InChI=1S/C7H14/c1-4-6-7(3)5-2/h5,7H,2,4,6H2,1,3H3'
I3C7D1-3-Z,[CH2]/C=C(C)\CCC,0,2,'AMChI=1/C7H13/c1-4-7(3)6-5-2/h4H,1,5-6H2,2-3H3/b7-4-',I3C7D1-3,'InChI=1S/C7H13/c1-4-6-7(3)5-2/h5H,2,4,6H2,1,3H3'
I3C7D1-3-E,[CH2]/C=C(C)/CCC,0,2,'AMChI=1/C7H13/c1-4-7(3)6-5-2/h4H,1,5-6H2,2-3H3/b7-4+',I3C7D1-3,'InChI=1S/C7H13/c1-4-6-7(3)5-2/h5H,2,4,6H2,1,3H3'
I3C8D1-A0,CCCC[C@@H](C)C=C,0,1,'InChI=1S/C8H16/c1-4-6-7-8(3)5-2/h5,8H,2,4,6-7H2,1,3H3/t8-/m0/s1',I3C8D1,'InChI=1S/C8H16/c1-4-6-7-8(3)5-2/h5,8H,2,4,6-7H2,1,3H3'
I3C8D1-A1,CCCC[C@H](C)C=C,0,1,'InChI=1S/C8H16/c1-4-6-7-8(3)5-2/h5,8H,2,4,6-7H2,1,3H3/t8-/m1/s1',I3C8D1,'InChI=1S/C8H16/c1-4-6-7-8(3)5-2/h5,8H,2,4,6-7H2,1,3H3'
I4C8D2-ZA0,C/C=C\[C@H](C)CCC,0,1,'InChI=1S/C8H16/c1-4-6-8(3)7-5-2/h4,6,8H,5,7H2,1-3H3/b6-4-/t8-/m0/s1',I4C8D2,'InChI=1S/C8H16/c1-4-6-8(3)7-5-2/h4,6,8H,5,7H2,1-3H3'
I4C8D2-EA0,C/C=C/[C@H](C)CCC,0,1,'InChI=1S/C8H16/c1-4-6-8(3)7-5-2/h4,6,8H,5,7H2,1-3H3/b6-4+/t8-/m0/s1',I4C8D2,'InChI=1S/C8H16/c1-4-6-8(3)7-5-2/h4,6,8H,5,7H2,1-3H3'
I4C8D2-ZA1,C/C=C\[C@@H](C)CCC,0,1,'InChI=1S/C8H16/c1-4-6-8(3)7-5-2/h4,6,8H,5,7H2,1-3H3/b6-4-/t8-/m1/s1',I4C8D2,'InChI=1S/C8H16/c1-4-6-8(3)7-5-2/h4,6,8H,5,7H2,1-3H3'
I4C8D2-EA1,C/C=C/[C@@H](C)CCC,0,1,'InChI=1S/C8H16/c1-4-6-8(3)7-5-2/h4,6,8H,5,7H2,1-3H3/b6-4+/t8-/m1/s1',I4C8D2,'InChI=1S/C8H16/c1-4-6-8(3)7-5-2/h4,6,8H,5,7H2,1-3H3'
IC5D1T3,C#CC(=C)C,0,1,'InChI=1S/C5H6/c1-4-5(2)3/h1H,2H2,3H3',IC5D1T3,'InChI=1S/C5H6/c1-4-5(2)3/h1H,2H2,3H3'
IC5D1T3-1J,C#CC([CH2])=C,0,2,'InChI=1S/C5H5/c1-4-5(2)3/h1H,2-3H2',IC5D1T3-1J,'InChI=1S/C5H5/c1-4-5(2)3/h1H,2-3H2'
IC5D1T3-1V-Z,[H]/[C]=C(C)\C#C,0,2,'AMChI=1/C5H5/c1-4-5(2)3/h1-2H,3H3/b5-2-',IC5D1T3-1V,'InChI=1S/C5H5/c1-4-5(2)3/h1-2H,3H3'
IC5D1T3-1V-E,[H]/[C]=C(C)/C#C,0,2,'AMChI=1/C5H5/c1-4-5(2)3/h1-2H,3H3/b5-2+',IC5D1T3-1V,'InChI=1S/C5H5/c1-4-5(2)3/h1-2H,3H3'
IC5D1T3-4J,[C]#CC(=C)C,0,2,'InChI=1S/C5H5/c1-4-5(2)3/h2H2,3H3',IC5D1T3-4J,'InChI=1S/C5H5/c1-4-5(2)3/h2H2,3H3'
IC5T1,C#CC(C)C,0,1,'InChI=1S/C5H8/c1-4-5(2)3/h1,5H,2-3H3',IC5T1,'InChI=1S/C5H8/c1-4-5(2)3/h1,5H,2-3H3'
IC5T1-3,[CH]=C=C(C)C,0,2,'InChI=1S/C5H7/c1-4-5(2)3/h1H,2-3H3',IC5T1-3,'InChI=1S/C5H7/c1-4-5(2)3/h1H,2-3H3'
IC5T1-4-A0,C#C[C@@H]([CH2])C,0,2,'InChI=1S/C5H7/c1-4-5(2)3/h1,5H,2H2,3H3/t5-/m0/s1',IC5T1-4,'InChI=1S/C5H7/c1-4-5(2)3/h1,5H,2H2,3H3'
IC5T1-4-A1,C#C[C@H]([CH2])C,0,2,'InChI=1S/C5H7/c1-4-5(2)3/h1,5H,2H2,3H3/t5-/m1/s1',IC5T1-4,'InChI=1S/C5H7/c1-4-5(2)3/h1,5H,2H2,3H3'
P13DE1J-ZZ,[H]/[C]=C\C=C/C,0,2,'AMChI=1/C5H7/c1-3-5-4-2/h1,3-5H,2H3/b3-1-,5-4-',P13DE1J,'InChI=1S/C5H7/c1-3-5-4-2/h1,3-5H,2H3'
P13DE1J-ZE,[H]/[C]=C\C=C\C,0,2,'AMChI=1/C5H7/c1-3-5-4-2/h1,3-5H,2H3/b3-1-,5-4+',P13DE1J,'InChI=1S/C5H7/c1-3-5-4-2/h1,3-5H,2H3'
P13DE1J-EZ,[H]/[C]=C/C=C\C,0,2,'AMChI=1/C5H7/c1-3-5-4-2/h1,3-5H,2H3/b3-1+,5-4-',P13DE1J,'InChI=1S/C5H7/c1-3-5-4-2/h1,3-5H,2H3'
P13DE1J-EE,[H]/[C]=C/C=C/C,0,2,'AMChI=1/C5H7/c1-3-5-4-2/h1,3-5H,2H3/b3-1+,5-4+',P13DE1J,'InChI=1S/C5H7/c1-3-5-4-2/h1,3-5H,2H3'
BC5H9-C,C[C]=C(C)C,0,2,InChI=1S/C5H9/c1-4-5(2)3/h1-3H3,BC5H9-C,InChI=1S/C5H9/c1-4-5(2)3/h1-3H3
C6H7-2-ZZ,C=[C]/C=/C\C=\C,0,2,'AMChI=1/C6H7/c1-3-5-6-4-2/h4-6H,1-2H2/b6-4-,6-5-',C6H7-2,'InChI=1S/C6H7/c1-3-5-6-4-2/h3,5-6H,1-2H2'
C6H7-2-ZE,C=[C]/C=/C/C=\C,0,2,'AMChI=1/C6H7/c1-3-5-6-4-2/h4-6H,1-2H2/b6-4-,6-5+',C6H7-2,'InChI=1S/C6H7/c1-3-5-6-4-2/h3,5-6H,1-2H2'
C6H7-2-EZ,C=[C]/C=/C\C=/C,0,2,'AMChI=1/C6H7/c1-3-5-6-4-2/h4-6H,1-2H2/b6-4+,6-5-',C6H7-2,'InChI=1S/C6H7/c1-3-5-6-4-2/h3,5-6H,1-2H2'
C6H7-2-EE,C=[C]/C=/C/C=/C,0,2,'AMChI=1/C6H7/c1-3-5-6-4-2/h4-6H,1-2H2/b6-4+,6-5+',C6H7-2,'InChI=1S/C6H7/c1-3-5-6-4-2/h3,5-6H,1-2H2'
